id	type	name	cat	price	delivery	mall	image
NS5716182795	ITEM	오뚜기 진라면컵 순한맛 65g _ 컵라면/즉석/간편/사발면/용기	식품>가공식품>라면>컵라면	230	2500	위메프	https://shopping-phinf.pstatic.net/main_5716182/5716182795.20180329182156.jpg?type=f300
NS10444203451	MALL	오뚜기 진라면 순한맛 미니 컵라면 65g	식품>가공식품>라면>컵라면	510	2500	11번가	https://shopping-phinf.pstatic.net/main_1044420/10444203451.jpg
NS10452608280	MALL	[오뚜기] 진라면 순한맛 미니컵 15입(65g x 15개)	식품>가공식품>라면>컵라면	10950	0	11번가	https://shopping-phinf.pstatic.net/main_1045260/10452608280.jpg
NS10508590786	MALL	[오뚜기] 01_오뚜기 진라면종이컵(순) 6입X2개 총12개입	식품>가공식품>라면>컵라면	8900	0	위메프	https://shopping-phinf.pstatic.net/main_1050859/10508590786.jpg
NS10513652246	MALL	[오뚜기] 01_오뚜기 진라면종이컵(순) 6입X3개 총18개입	식품>가공식품>라면>컵라면	11900	0	위메프	https://shopping-phinf.pstatic.net/main_1051365/10513652246.jpg
NS10547142700	MALL	[오뚜기] 002_B50_오뚜기 진라면 순한맛 소컵 65g	식품>가공식품>라면>컵라면	550	2500	위메프	https://shopping-phinf.pstatic.net/main_1054714/10547142700.jpg
NS10569648429	MALL	진라면 cup 매운맛.순한맛 65gx15개입	식품>가공식품>라면>컵라면	8300	2500	낙타마트	https://shopping-phinf.pstatic.net/main_1056964/10569648429.1.jpg
NS10578253337	MALL	[오뚜기] 082_B50_오뚜기 진라면 순한맛 소컵 65g	식품>가공식품>라면>컵라면	590	2500	위메프	https://shopping-phinf.pstatic.net/main_1057825/10578253337.jpg
NS10612444786	MALL	오뚜기 오뚜기 진라면 순한맛 미니컵 65g x 15입(1box)	식품>가공식품>라면>컵라면	7880	2500	G마켓	https://shopping-phinf.pstatic.net/main_1061244/10612444786.jpg
NS10613045345	MALL	오뚜기 오뚜기 진라면 순한맛 미니컵 65g x 15입(1box)	식품>가공식품>라면>컵라면	7880	2500	옥션	https://shopping-phinf.pstatic.net/main_1061304/10613045345.jpg
NS10619239474	MALL	오뚜기 진라면 순한맛 소컵 65gX6	식품>가공식품>라면>컵라면	2810	2500	11번가	https://shopping-phinf.pstatic.net/main_1061923/10619239474.jpg
NS10630883175	MALL	오뚜기 진라면 순한맛 미니컵 65g x 15입(1box)	식품>가공식품>라면>컵라면	9400	2500	코리아돈키호테	https://shopping-phinf.pstatic.net/main_1063088/10630883175.1.jpg
NS10657782498	MALL	[오뚜기] 005_컵)오뚜기진라면순한맛용기65g	식품>가공식품>라면>컵라면	620	2500	위메프	https://shopping-phinf.pstatic.net/main_1065778/10657782498.jpg
NS10660183817	MALL	컵라면(진라면소컵순한맛)15개	식품>가공식품>라면>컵라면	8300	2500	커피사랑	https://shopping-phinf.pstatic.net/main_1066018/10660183817.1.jpg
NS10673848940	MALL	오뚜기 진라면 소컵 순한맛 65g 15입 1BOX	식품>가공식품>라면>컵라면	8100	2500	오뚜기몰	https://shopping-phinf.pstatic.net/main_1067384/10673848940.1.jpg
NS10702953811	MALL	[원하프]컵멀티)오뚜기 진라면 컵 순한맛 65g * 6개입	식품>가공식품>라면>컵라면	4980	3000	바이폴	https://shopping-phinf.pstatic.net/main_1070295/10702953811.jpg
NS10705773167	MALL	[카드사 7% 할인][신세계몰]오뚜기 [오뚜기] 진라면 순한맛 미니컵 15입(65g x 15개)	식품>가공식품>라면>컵라면	12900	0	G9	https://shopping-phinf.pstatic.net/main_1070577/10705773167.2.jpg
NS10733840918	MALL	오뚜기 진라면컵 순한맛 65g 낱개판매1개	식품>가공식품>라면>컵라면	489	3000	엘마트	https://shopping-phinf.pstatic.net/main_1073384/10733840918.jpg
NS10733840920	MALL	진라면 순한 작은사발 65g 6입 1박스	식품>가공식품>라면>컵라면	4500	3000	엘마트	https://shopping-phinf.pstatic.net/main_1073384/10733840920.jpg
NS10783678957	MALL	[오뚜기] 063_ 오뚜기 진라면 순한맛 소컵	식품>가공식품>라면>컵라면	600	2500	위메프	https://shopping-phinf.pstatic.net/main_1078367/10783678957.jpg
NS10795982417	MALL	[오뚜기] 65_{컵라면} 진라면(순한)소 15컵	식품>가공식품>라면>컵라면	9500	0	위메프	https://shopping-phinf.pstatic.net/main_1079598/10795982417.jpg
NS10795982418	MALL	[오뚜기] 64_{컵라면} 진라면(순한)소 15컵	식품>가공식품>라면>컵라면	8930	0	위메프	https://shopping-phinf.pstatic.net/main_1079598/10795982418.jpg
NS10815034740	MALL	[롯데닷컴]진라면 [오뚜기] 진라면 순한맛 미니컵 15입(65g x 15개)/ 롯데식품관	식품>가공식품>라면>컵라면	10470	0	G9	https://shopping-phinf.pstatic.net/main_1081503/10815034740.3.jpg
NS10834695917	MALL	오뚜기진라면순한맛용기65g 6개 - 인기 컵라면 총 완전집합체!	식품>가공식품>라면>컵라면	3510	2500	티몬	https://shopping-phinf.pstatic.net/main_1083469/10834695917.jpg
NS10860224730	MALL	[오뚜기] 04_{컵라면} 진라면(순한)소 6컵	식품>가공식품>라면>컵라면	3190	2500	위메프	https://shopping-phinf.pstatic.net/main_1086022/10860224730.jpg
NS10866796069	MALL	오뚜기 진라면 소컵 순한맛 65g x15개/신라면/컵라면	식품>가공식품>라면>컵라면	8450	2500	G마켓	https://shopping-phinf.pstatic.net/main_1086679/10866796069.1.jpg
NS10870114244	MALL	[당일발송][슈퍼마트]오뚜기진라면순한맛소컵6입 - 비교할수록 쇼핑은 티몬	식품>가공식품>라면>컵라면	3240	3000	티몬	https://shopping-phinf.pstatic.net/main_1087011/10870114244.1.jpg
NS10885149866	MALL	오뚜기 진라면 소컵 순한맛 65g x1개/신라면/컵라면	식품>가공식품>라면>컵라면	560	2500	G마켓	https://shopping-phinf.pstatic.net/main_1088514/10885149866.1.jpg
NS10898319655	MALL	[오뚜기] 진라면 순한맛 미니컵 (15입)	식품>가공식품>라면>컵라면	11110	0	11번가	https://shopping-phinf.pstatic.net/main_1089831/10898319655.jpg
NS10908734026	MALL	(가공)오뚜기 진라면소컵(순)65g 6입	식품>가공식품>라면>컵라면	3640	2500	11번가	https://shopping-phinf.pstatic.net/main_1090873/10908734026.10.jpg
NS10908738502	MALL	(가공)오뚜기 진라면소컵(순)65g	식품>가공식품>라면>컵라면	620	2500	11번가	https://shopping-phinf.pstatic.net/main_1090873/10908738502.7.jpg
NS10945977461	MALL	[추가 10% 할인]오뚜기 오뚜기 진라면 순한맛 컵 65g X 15개입 1박스	식품>가공식품>라면>컵라면	11200	0	G9	https://shopping-phinf.pstatic.net/main_1094597/10945977461.1.jpg
NS10955470790	MALL	오뚜기 진라면 (순한맛/미니) x 6입 - BEST★컵라면x6 총 집합	식품>가공식품>라면>컵라면	3600	2500	티몬	https://shopping-phinf.pstatic.net/main_1095547/10955470790.2.jpg
NS10966560464	MALL	오뚜기 진라면 순한맛 소컵 65g X 6개 컵라면 라면	식품>가공식품>라면>컵라면	4000	2500	11번가	https://shopping-phinf.pstatic.net/main_1096656/10966560464.1.jpg
NS10999745461	MALL	오뚜기 진라면컵 순한맛 65g(1개입)	식품>가공식품>라면>컵라면	550	2500	베스트몰OK	https://shopping-phinf.pstatic.net/main_1099974/10999745461.3.jpg
NS10999746394	MALL	오뚜기 진라면컵 순한맛 65gx6개입	식품>가공식품>라면>컵라면	3300	3000	베스트몰OK	https://shopping-phinf.pstatic.net/main_1099974/10999746394.1.jpg
NS11019124994	MALL	오뚜기 진라면컵(순한맛)x 6개입	식품>가공식품>라면>컵라면	3410	2500	장바구니푸드	https://shopping-phinf.pstatic.net/main_1101912/11019124994.1.jpg
NS11038285729	MALL	오뚜기 진라면 미니컵 순한맛 65G X 15입	식품>가공식품>라면>컵라면	8100	2500	창현물류	https://shopping-phinf.pstatic.net/main_1103828/11038285729.1.jpg
NS11095071268	MALL	오뚜기 진라면 순한맛 소컵 (65gX6개) 5개입 박스	식품>가공식품>라면>컵라면	21530	0	11번가	https://shopping-phinf.pstatic.net/main_1109507/11095071268.1.jpg
NS11096262612	MALL	오뚜기 진라면순한맛(소컵) 65g 1개 - 라면3분요리식료품골라담자	식품>가공식품>라면>컵라면	680	2500	티몬	https://shopping-phinf.pstatic.net/main_1109626/11096262612.jpg
NS11107447057	MALL	오뚜기 진라면컵 순한맛 65g x 6개입 컵라면 P	식품>가공식품>라면>컵라면	2730	3000	11번가	https://shopping-phinf.pstatic.net/main_1110744/11107447057.jpg
NS11107717874	MALL	오뚜기 진라면컵 순한맛 65g x6개입 컵라면	식품>가공식품>라면>컵라면	3400	3000	해피클럽	https://shopping-phinf.pstatic.net/main_1110771/11107717874.1.jpg
NS11111410981	MALL	[오뚜기] 01_진라면 순한맛 15개입	식품>가공식품>라면>컵라면	10900	0	위메프	https://shopping-phinf.pstatic.net/main_1111141/11111410981.jpg
NS11117115032	MALL	[오뚜기] 02_★한정특가★진라면 순한맛 65g×6개.	식품>가공식품>라면>컵라면	2510	2500	위메프	https://shopping-phinf.pstatic.net/main_1111711/11117115032.jpg
NS11117611524	MALL	진라면 순한맛 소컵 65g 15개	식품>가공식품>라면>컵라면	9150	2500	글로리샵	https://shopping-phinf.pstatic.net/main_1111761/11117611524.jpg
NS11118622471	MALL	[오뚜기] 오뚜기 진라면 순한맛 소컵 65gX6	식품>가공식품>라면>컵라면	3290	2500	위메프	https://shopping-phinf.pstatic.net/main_1111862/11118622471.jpg
NS11145872586	MALL	오뚜기 컵라면 진라면순한맛65g 소컵 (6입) 한박스	식품>가공식품>라면>컵라면	3300	2500	베스트몰OK	https://shopping-phinf.pstatic.net/main_1114587/11145872586.1.jpg
NS11147423797	MALL	[오뚜기] 118_ B50_ 오뚜기진라면(순)65g	식품>가공식품>라면>컵라면	780	2500	위메프	https://shopping-phinf.pstatic.net/main_1114742/11147423797.jpg
NS11158601542	MALL	오뚜기 [오뚜기] 진라면 순한맛 미니컵 15입(65g x 15개)	식품>가공식품>라면>컵라면	12400	0	G마켓	https://shopping-phinf.pstatic.net/main_1115860/11158601542.jpg
NS11159749205	MALL	진라면순한맛(컵)65gx6ea/오뚜기	식품>가공식품>라면>컵라면	3870	2500	11번가	https://shopping-phinf.pstatic.net/main_1115974/11159749205.jpg
NS11164849728	MALL	오뚜기 오뚜기 진라면컵 순한맛 65g x 18개입 /컵라면 P	식품>가공식품>라면>컵라면	10180	0	옥션	https://shopping-phinf.pstatic.net/main_1116484/11164849728.jpg
NS11165068252	MALL	오뚜기 진라면컵 순한맛 65g x 18개입 컵라면 P	식품>가공식품>라면>컵라면	10190	0	11번가	https://shopping-phinf.pstatic.net/main_1116506/11165068252.jpg
NS11198496812	MALL	bbuang - 오뚜기 진라면 순한맛 작은컵 30개-무료배송	식품>가공식품>라면>컵라면	17290	0	옥션	https://shopping-phinf.pstatic.net/main_1119849/11198496812.jpg
NS11198553189	MALL	bbuang - 오뚜기 진라면 순한맛 작은컵 30개-무료배송	식품>가공식품>라면>컵라면	19900	0	bbuang	https://shopping-phinf.pstatic.net/main_1119855/11198553189.1.jpg
NS11204277276	MALL	bbuang - 오뚜기 진라면 순한맛 작은컵 30개-무료배송	식품>가공식품>라면>컵라면	17480	0	11번가	https://shopping-phinf.pstatic.net/main_1120427/11204277276.jpg
NS11204753853	MALL	오뚜기 진라면 순한맛 소컵 6입 컵라면 진라면	식품>가공식품>라면>컵라면	4820	2500	11번가	https://shopping-phinf.pstatic.net/main_1120475/11204753853.jpg
NS11210764880	MALL	B/오뚜기 진라면 순한맛 65g -6개/미니컵라면	식품>가공식품>라면>컵라면	4830	2500	NH마켓	https://shopping-phinf.pstatic.net/main_1121076/11210764880.jpg
NS11210767318	MALL	B/오뚜기 진라면컵 순한맛 65g -15개/미니컵라면	식품>가공식품>라면>컵라면	12040	2500	NH마켓	https://shopping-phinf.pstatic.net/main_1121076/11210767318.jpg
NS11218206168	MALL	[오뚜기] 02.진라면 순한맛 작은컵 1개	식품>가공식품>라면>컵라면	500	2500	위메프	https://shopping-phinf.pstatic.net/main_1121820/11218206168.jpg
NS11218442967	MALL	[오뚜기] 02.진라면 순한맛 작은컵 6개	식품>가공식품>라면>컵라면	3480	2500	위메프	https://shopping-phinf.pstatic.net/main_1121844/11218442967.jpg
NS11235818814	MALL	[당일발송]컵)오뚜기진라면순한맛용기65g 6개 - ★인기 컵라면 총집합★	식품>가공식품>라면>컵라면	3510	2500	티몬	https://shopping-phinf.pstatic.net/main_1123581/11235818814.jpg
NS11243897454	MALL	bbuang - 오뚜기 진라면 순한맛 작은컵 30개-무배	식품>가공식품>라면>컵라면	17710	0	인터파크	https://shopping-phinf.pstatic.net/main_1124389/11243897454.jpg
NS11260302383	MALL	[오뚜기] 02.진라면 순한맛 작은컵 30개	식품>가공식품>라면>컵라면	18900	0	위메프	https://shopping-phinf.pstatic.net/main_1126030/11260302383.jpg
NS11260302386	MALL	[오뚜기] 01_진라면 순한맛(소)컵	식품>가공식품>라면>컵라면	2900	2500	위메프	https://shopping-phinf.pstatic.net/main_1126030/11260302386.jpg
NS11319085082	MALL	AK 오뚜기 진라면 순한맛 미니컵 15입(65g x 15개)	식품>가공식품>라면>컵라면	12400	0	옥션	https://shopping-phinf.pstatic.net/main_1131908/11319085082.jpg
NS11352818014	MALL	오뚜기 컵라면 진라면 순한맛 소컵 65g	식품>가공식품>라면>컵라면	440	2500	11번가	https://shopping-phinf.pstatic.net/main_1135281/11352818014.jpg
NS11371797415	MALL	[오뚜기] 20_B51_오뚜기진라면(순)65g6입	식품>가공식품>라면>컵라면	4780	2500	위메프	https://shopping-phinf.pstatic.net/main_1137179/11371797415.jpg
NS11420691404	MALL	오뚜기 진라면 (순한맛/미니) x 6입 - 오뚜기/농심/삼양/팔도	식품>가공식품>라면>컵라면	3420	2500	티몬	https://shopping-phinf.pstatic.net/main_1142069/11420691404.1.jpg
NS11479101807	MALL	오뚜기 진라면 순한맛 65g 컵라면 작은컵 소컵	식품>가공식품>라면>컵라면	560	2500	킹스랜드	https://shopping-phinf.pstatic.net/main_1147910/11479101807.1.jpg
NS11479699551	MALL	오뚜기 진라면 Cup순한맛(종이컵) 65g*15입 1box	식품>가공식품>라면>컵라면	9900	0	G9	https://shopping-phinf.pstatic.net/main_1147969/11479699551.2.jpg
NS11537086677	MALL	오뚜기 진라면 Cup순한맛 (종이컵) 65g(15입) 1box	식품>가공식품>라면>컵라면	9580	0	11번가	https://shopping-phinf.pstatic.net/main_1153708/11537086677.1.jpg
NS11543644193	MALL	오뚜기 진라면 Cup순한맛 (종이컵) 65g(15입) 1box	식품>가공식품>라면>컵라면	9900	0	인터파크	https://shopping-phinf.pstatic.net/main_1154364/11543644193.jpg
NS11585169028	MALL	오뚜기 진라면 Cup순한맛 (종이컵) 65g(15입) 1box	식품>가공식품>라면>컵라면	9770	0	GSSHOP	https://shopping-phinf.pstatic.net/main_1158516/11585169028.jpg
NS11690144371	MALL	[오뚜기] 28_B51_오뚜기진라면(순)65g6입	식품>가공식품>라면>컵라면	4080	2500	위메프	https://shopping-phinf.pstatic.net/main_1169014/11690144371.jpg
NS11696503275	MALL	진라면 (현대Hmall)[오뚜기] 진라면 순한맛 미니컵 15입(65g x 15개)	식품>가공식품>라면>컵라면	10510	0	G마켓	https://shopping-phinf.pstatic.net/main_1169650/11696503275.jpg
NS11703572144	MALL	[카드 5% 할인][Hmall]오뚜기 (현대Hmall)[오뚜기] 진라면 순한맛 미니컵 15입(65g x 15개)	식품>가공식품>라면>컵라면	10930	0	G9	https://shopping-phinf.pstatic.net/main_1170357/11703572144.jpg
NS11761687122	MALL	오뚜기진라면(순)65g6입 순한맛 - 신라면 10입外 봉지/컵라면 100종	식품>가공식품>라면>컵라면	4370	2500	티몬	https://shopping-phinf.pstatic.net/main_1176168/11761687122.jpg
NS11779301108	MALL	[오뚜기] 09_B50_오뚜기진라면(순)65g X 3	식품>가공식품>라면>컵라면	1870	2500	위메프	https://shopping-phinf.pstatic.net/main_1177930/11779301108.jpg
NS11788320291	MALL	[오뚜기]진라면컵 순한맛 (종이컵) 65gX10개입	식품>가공식품>라면>컵라면	7820	0	11번가	https://shopping-phinf.pstatic.net/main_1178832/11788320291.1.jpg
NS11795906786	MALL	오뚜기 오뚜기 진라면 순한맛 미니컵 15입(65g x 15개)	식품>가공식품>라면>컵라면	10470	0	옥션	https://shopping-phinf.pstatic.net/main_1179590/11795906786.2.jpg
NS11802334739	MALL	오뚜기 [오뚜기] 진라면 순한맛 미니컵 15입(65g x 15개)	식품>가공식품>라면>컵라면	10950	0	G마켓	https://shopping-phinf.pstatic.net/main_1180233/11802334739.1.jpg
NS11848525029	MALL	[오뚜기] 21_오뚜기진라면순한맛소컵-6개	식품>가공식품>라면>컵라면	3490	2500	위메프	https://shopping-phinf.pstatic.net/main_1184852/11848525029.jpg
NS11848525349	MALL	[오뚜기] 11_(小컵)진라면 『순한』 15개	식품>가공식품>라면>컵라면	10900	0	위메프	https://shopping-phinf.pstatic.net/main_1184852/11848525349.jpg
NS11852502550	MALL	[오뚜기] 40_오뚜기진라면순한맛소컵	식품>가공식품>라면>컵라면	540	2500	위메프	https://shopping-phinf.pstatic.net/main_1185250/11852502550.jpg
NS11852507293	MALL	[오뚜기] 06_오뚜기진라면순한맛용기 6개	식품>가공식품>라면>컵라면	4600	2500	위메프	https://shopping-phinf.pstatic.net/main_1185250/11852507293.jpg
NS11859189517	MALL	[카드 5% 할인][롯데아이몰]오뚜기 [오뚜기] 진라면 순한맛 미니컵 15입(65g x 15개)	식품>가공식품>라면>컵라면	11430	0	G9	https://shopping-phinf.pstatic.net/main_1185918/11859189517.1.jpg
NS11913166751	MALL	오뚜기 진라면 순한맛 작은컵 [65g, 6개, 팩]	식품>가공식품>라면>컵라면	4460	2500	오피스마켓	https://shopping-phinf.pstatic.net/main_1191316/11913166751.jpg
NS11941746499	MALL	진라면 순한 소컵65g 6개입1팩 봉지라면 컵라면 라면	식품>가공식품>라면>컵라면	6110	2500	11번가	https://shopping-phinf.pstatic.net/main_1194174/11941746499.jpg
NS11944755659	MALL	[오뚜기] 61_오뚜기 진라면 순한맛 소컵 3개	식품>가공식품>라면>컵라면	1420	2500	위메프	https://shopping-phinf.pstatic.net/main_1194475/11944755659.jpg
NS11958798477	MALL	오뚜기 진라면소컵(순)65g 6입/컵라면/용기면/판다몰	식품>가공식품>라면>컵라면	3690	2500	11번가	https://shopping-phinf.pstatic.net/main_1195879/11958798477.jpg
NS11978018366	MALL	오뚜기진라면순한맛소컵 12개 65g - 갓뚜기♥함흥비빔면/콩국수라면 무배!	식품>가공식품>라면>컵라면	8010	0	티몬	https://shopping-phinf.pstatic.net/main_1197801/11978018366.jpg
NS11986326601	MALL	[오뚜기] 02_진라면 종이컵 순한맛 6입	식품>가공식품>라면>컵라면	3900	2500	위메프	https://shopping-phinf.pstatic.net/main_1198632/11986326601.jpg
NS12020235165	MALL	오뚜기진라면순한맛소컵 6개 65g - 컵라면 小컵 31종 모음전★	식품>가공식품>라면>컵라면	3150	2500	티몬	https://shopping-phinf.pstatic.net/main_1202023/12020235165.jpg
NS12060165548	MALL	오뚜기 진라면 순한맛 미니컵 15입65g x 15개	식품>가공식품>라면>컵라면	11630	0	인터파크	https://shopping-phinf.pstatic.net/main_1206016/12060165548.jpg
NS12072474364	MALL	[오뚜기] 14_진라면순한맛65g(15입)	식품>가공식품>라면>컵라면	9900	0	위메프	https://shopping-phinf.pstatic.net/main_1207247/12072474364.jpg
NS12086763583	MALL	오뚜기 진라면 순한맛 컵라면 65g x 6개입	식품>가공식품>라면>컵라면	4350	2500	미남스토어	https://shopping-phinf.pstatic.net/main_1208676/12086763583.1.jpg
NS12090319822	MALL	오뚜기 진라면 순한맛 컵라면 65g x 6개입	식품>가공식품>라면>컵라면	4350	2500	사남매마트	https://shopping-phinf.pstatic.net/main_1209031/12090319822.1.jpg
NS12103007242	MALL	[오뚜기] 09_ 진라면 순한맛 65g×6개.	식품>가공식품>라면>컵라면	2940	2500	위메프	https://shopping-phinf.pstatic.net/main_1210300/12103007242.jpg
NS12281214799	MALL	오뚜기 오뚜기 진라면 순한맛 컵라면 65g x 6개입	식품>가공식품>라면>컵라면	4350	2500	G마켓	https://shopping-phinf.pstatic.net/main_1228121/12281214799.jpg
NS12284327155	MALL	★반했어★오뚜기진라면순한맛소컵 65g - [푸드]인기 컵라면 83종 모음	식품>가공식품>라면>컵라면	280	2500	티몬	https://shopping-phinf.pstatic.net/main_1228432/12284327155.jpg
NS12287486084	MALL	오뚜기 진라면 순한맛 컵라면 65g x 6개입	식품>가공식품>라면>컵라면	3920	2500	11번가	https://shopping-phinf.pstatic.net/main_1228748/12287486084.jpg
NS12437727806	MALL	[오뚜기] 03_컵라면 골라담기^오뚜기 진라면 순한맛 소컵 65g 3개	식품>가공식품>라면>컵라면	1380	2500	위메프	https://shopping-phinf.pstatic.net/main_1243772/12437727806.jpg
NS12459770623	MALL	오뚜기 진라면컵 순한맛 6개 65g - [오뚜기] 진라면컵 순한맛 6개	식품>가공식품>라면>컵라면	2610	2500	티몬	https://shopping-phinf.pstatic.net/main_1245977/12459770623.jpg
NS12460171123	MALL	[오뚜기] 01_오뚜기 진라면 순한맛 65g	식품>가공식품>라면>컵라면	510	2500	위메프	https://shopping-phinf.pstatic.net/main_1246017/12460171123.jpg
NS12483026521	MALL	오뚜기진라면(순)65g X 1개 순한맛 - 3분 쇠고기카레 2+1 외	식품>가공식품>라면>컵라면	800	2500	티몬	https://shopping-phinf.pstatic.net/main_1248302/12483026521.jpg
NS12598367737	MALL	오뚜기 진라면 소컵 순한맛 65g 30개/신라면/컵라면	식품>가공식품>라면>컵라면	14800	2500	11번가	https://shopping-phinf.pstatic.net/main_1259836/12598367737.1.jpg
NS12666173274	MALL	[당일발송]오뚜기 진라면 순한맛 소컵 65g*6개 - [슈퍼마트]오뚜기 Best 모음전♥	식품>가공식품>라면>컵라면	3600	3000	티몬	https://shopping-phinf.pstatic.net/main_1266617/12666173274.jpg
NS12672882533	MALL	오뚜기 [오뚜기] 진라면 순한맛 미니컵 15입(65g x 15개)	식품>가공식품>라면>컵라면	10870	0	G마켓	https://shopping-phinf.pstatic.net/main_1267288/12672882533.jpg
NS12673421652	MALL	[오뚜기] 진라면 순한맛 미니컵 15입(65g x 15개)	식품>가공식품>라면>컵라면	11067	0	신세계몰	https://shopping-phinf.pstatic.net/main_1267342/12673421652.jpg
NS12687395348	MALL	오뚜기 진라면 순한맛 컵 65g 1개	식품>가공식품>라면>컵라면	530	2500	글로리샵	https://shopping-phinf.pstatic.net/main_1268739/12687395348.jpg
NS12709176440	MALL	오뚜기 진라면 소컵 순한맛 1박스 (65g*15개입)	식품>가공식품>라면>컵라면	10500	2500	꾼들	https://shopping-phinf.pstatic.net/main_1270917/12709176440.jpg
NS12752531195	MALL	Dfav 오뚜기 진라면 순한맛 컵라면 65g x 6개입(3BOX개까지 묶음배송가능)	식품>가공식품>라면>컵라면	5050	3000	ch마트	https://shopping-phinf.pstatic.net/main_1275253/12752531195.jpg
NS12774614379	MALL	오뚜기 진라면 Cup순한맛 (종이컵) 65g(15입) X 1box	식품>가공식품>라면>컵라면	9900	0	동원몰	https://shopping-phinf.pstatic.net/main_1277461/12774614379.jpg
NS12794086442	MALL	오뚜기 진라면 순한맛 소컵 65gx15개 컵라면 한박스	식품>가공식품>라면>컵라면	10500	0	고래마트N	https://shopping-phinf.pstatic.net/main_1279408/12794086442.jpg
NS12794088414	MALL	오뚜기 진라면 소컵 순한맛 65gx30개 컵라면 도매	식품>가공식품>라면>컵라면	18900	0	고래마트N	https://shopping-phinf.pstatic.net/main_1279408/12794088414.jpg
NS12797641592	MALL	오뚜기 진라면 소컵 순한맛 65gx30개 컵라면 도매	식품>가공식품>라면>컵라면	18900	0	고래마트	https://shopping-phinf.pstatic.net/main_1279764/12797641592.jpg
NS12797641593	MALL	오뚜기 진라면 소컵 순한맛 65gx15개 컵라면	식품>가공식품>라면>컵라면	10500	0	고래마트	https://shopping-phinf.pstatic.net/main_1279764/12797641593.jpg
NS12847129291	MALL	[다이소몰][z]오뚜기 진라면 순한맛 소컵 15입 무료배송	식품>가공식품>라면>컵라면	9500	0	G9	https://shopping-phinf.pstatic.net/main_1284712/12847129291.1.jpg
NS12851811259	MALL	오뚜기 진라면 순한맛 미니컵 65g*6개	식품>가공식품>라면>컵라면	2470	2500	위메프	https://shopping-phinf.pstatic.net/main_1285181/12851811259.jpg
NS12853189877	MALL	[당일발송][오뚜기] 진라면 65g 소컵-순한맛1BOX 6개입 - 컵라면 소컵 21종모음	식품>가공식품>라면>컵라면	3570	2500	티몬	https://shopping-phinf.pstatic.net/main_1285318/12853189877.jpg
NS12857345597	MALL	[오뚜기]진라면 종이컵(순한맛)65g 6	식품>가공식품>라면>컵라면	3900	3000	이랜드몰	https://shopping-phinf.pstatic.net/main_1285734/12857345597.jpg
NS12860282559	MALL	[오뚜기] 진라면컵 순한맛 65g 15개 컵라면/라면/진라면	식품>가공식품>라면>컵라면	11610	0	11번가	https://shopping-phinf.pstatic.net/main_1286028/12860282559.1.jpg
NS12888860525	MALL	[당일발송]진라면소컵(순)65g(15개) 오뚜기 순한맛 - 컵라면/진라면/육개장 77종	식품>가공식품>라면>컵라면	11070	0	티몬	https://shopping-phinf.pstatic.net/main_1288886/12888860525.jpg
NS12889046359	MALL	오뚜기 진라면 Cup순한맛 (종이컵) 65g(15입) X 1box	식품>가공식품>라면>컵라면	9810	0	현대Hmall	https://shopping-phinf.pstatic.net/main_1288904/12889046359.jpg
NS12896583944	MALL	오뚜기 진라면 Cup순한맛 (종이컵) 65g(15입) X 1box	식품>가공식품>라면>컵라면	10900	0	현대Hmall	https://shopping-phinf.pstatic.net/main_1289658/12896583944.jpg
NS12896780738	MALL	오뚜기 (현대Hmall)오뚜기 진라면 Cup순한맛 (종이컵) 65g(15입) X 1box	식품>가공식품>라면>컵라면	9470	0	옥션	https://shopping-phinf.pstatic.net/main_1289678/12896780738.jpg
NS12896867270	MALL	(현대Hmall)오뚜기 진라면 Cup순한맛 (종이컵) 65g(15입) X 1box	식품>가공식품>라면>컵라면	9910	0	G마켓	https://shopping-phinf.pstatic.net/main_1289686/12896867270.jpg
NS12897075284	MALL	오뚜기 진라면 Cup순한맛 (종이컵) 65g(15입) X 1box	식품>가공식품>라면>컵라면	10250	0	11번가	https://shopping-phinf.pstatic.net/main_1289707/12897075284.jpg
NS12909447708	MALL	진라면 순한맛 소컵(65g) X 6개입 오뚜기 - 진라면 매운맛/순한맛★	식품>가공식품>라면>컵라면	2610	2500	티몬	https://shopping-phinf.pstatic.net/main_1290944/12909447708.jpg
NS12917786698	MALL	[오뚜기] 진라면 순한맛 65g x 15개 (컵라면)	식품>가공식품>라면>컵라면	12480	2500	인터파크	https://shopping-phinf.pstatic.net/main_1291778/12917786698.jpg
NS12937999976	MALL	오뚜기 진라면 Cup순한맛 종이컵 65g15입 X 1box	식품>가공식품>라면>컵라면	10360	0	CJmall	https://shopping-phinf.pstatic.net/main_1293799/12937999976.jpg
NS12939002830	MALL	[오뚜기] 09. 오뚜끼 진라면 순한맛 컵면 15개	식품>가공식품>라면>컵라면	10500	0	위메프	https://shopping-phinf.pstatic.net/main_1293900/12939002830.jpg
NS12964207195	MALL	[오뚜기] 01_진라면 미니컵 순한맛 6개	식품>가공식품>라면>컵라면	2900	2500	위메프	https://shopping-phinf.pstatic.net/main_1296420/12964207195.jpg
NS12994172089	MALL	[오뚜기] 01. 오뚜기 진라면 65g 순한맛 컵면 15개	식품>가공식품>라면>컵라면	10500	0	위메프	https://shopping-phinf.pstatic.net/main_1299417/12994172089.jpg
NS13024356473	MALL	오뚜기 진라면 미니컵 순한맛 65g	식품>가공식품>라면>컵라면	700	3000	오박사	https://shopping-phinf.pstatic.net/main_1302435/13024356473.jpg
NS13045182976	MALL	오뚜기 진라면 순한맛 컵라면 65g x 6개입	식품>가공식품>라면>컵라면	4350	2500	옥션	https://shopping-phinf.pstatic.net/main_1304518/13045182976.1.jpg
NS13047699306	MALL	오뚜기 오뚜기 진라면 Cup순한맛 종이컵 65g15입 X 1box	식품>가공식품>라면>컵라면	9870	0	G마켓	https://shopping-phinf.pstatic.net/main_1304769/13047699306.jpg
NS13077472056	MALL	오뚜기 진라면 순한맛 소컵 6입 / 컵라면	식품>가공식품>라면>컵라면	3200	2500	다팜DAPAM	https://shopping-phinf.pstatic.net/main_1307747/13077472056.jpg
NS13077472527	MALL	오뚜기 진라면 순한맛 소컵 6입x5박스 / 컵라면	식품>가공식품>라면>컵라면	18800	0	다팜DAPAM	https://shopping-phinf.pstatic.net/main_1307747/13077472527.jpg
NS13092787715	MALL	편한가게오뚜기 진라면 순한맛 소컵 6입 컵라면 진라	식품>가공식품>라면>컵라면	4680	2500	11번가	https://shopping-phinf.pstatic.net/main_1309278/13092787715.jpg
NS13095000393	MALL	진라면 순한맛 (종이컵)65g ,30개입 /컵라면/신라면	식품>가공식품>라면>컵라면	18900	0	네오스토어 제과샵	https://shopping-phinf.pstatic.net/main_1309500/13095000393.jpg
NS13095035823	MALL	진라면 순한맛 (종이컵)65g ,15개입 /컵라면/신라면	식품>가공식품>라면>컵라면	10500	0	네오스토어 제과샵	https://shopping-phinf.pstatic.net/main_1309503/13095035823.jpg
NS13095672445	MALL	진라면 순한맛 (종이컵)65g ,30개입 /컵라면/신라면	식품>가공식품>라면>컵라면	15900	2500	네오스토어 제과샵	https://shopping-phinf.pstatic.net/main_1309567/13095672445.jpg
NS13095677897	MALL	진라면 순한맛 (종이컵)65g ,15개입 /컵라면/신라면	식품>가공식품>라면>컵라면	7900	2500	네오스토어 제과샵	https://shopping-phinf.pstatic.net/main_1309567/13095677897.jpg
NS13097453297	MALL	오뚜기 진라면 순한맛 (종이컵)65g  15개입 /컵라면/신라면	식품>가공식품>라면>컵라면	9070	0	옥션	https://shopping-phinf.pstatic.net/main_1309745/13097453297.jpg
NS13097454966	MALL	오뚜기 진라면 순한맛 (종이컵)65g  15개입 /컵라면/신라면	식품>가공식품>라면>컵라면	6470	2500	옥션	https://shopping-phinf.pstatic.net/main_1309745/13097454966.jpg
NS13097480024	MALL	오뚜기 진라면 순한맛 (종이컵)65g  30개입 /컵라면/신라면	식품>가공식품>라면>컵라면	13290	2500	옥션	https://shopping-phinf.pstatic.net/main_1309748/13097480024.jpg
NS13097520130	MALL	오뚜기 진라면 순한맛 (종이컵)65g  15개입 /컵라면/신라면	식품>가공식품>라면>컵라면	6470	2500	G마켓	https://shopping-phinf.pstatic.net/main_1309752/13097520130.jpg
NS13097578151	MALL	오뚜기 진라면 순한맛 (종이컵)65g  15개입 /컵라면/신라면	식품>가공식품>라면>컵라면	9070	0	G마켓	https://shopping-phinf.pstatic.net/main_1309757/13097578151.jpg
NS13100442567	MALL	진라면 순한맛 (종이컵)65g ,15개입 /컵라면/신라면	식품>가공식품>라면>컵라면	6460	2500	11번가	https://shopping-phinf.pstatic.net/main_1310044/13100442567.jpg
NS13100703010	MALL	오뚜기 진라면 순한맛 (종이컵)65g  30개입 /컵라면/신라면	식품>가공식품>라면>컵라면	13290	2500	G마켓	https://shopping-phinf.pstatic.net/main_1310070/13100703010.jpg
NS13101295895	MALL	오뚜기 진라면 순한맛 (종이컵)65g  30개입 /컵라면/신라면	식품>가공식품>라면>컵라면	16290	0	G마켓	https://shopping-phinf.pstatic.net/main_1310129/13101295895.jpg
NS13101912975	MALL	[카드사 7% 할인][신세계몰]오뚜기 [오뚜기] 진라면 순한맛 미니컵 15입(65g x 15개)	식품>가공식품>라면>컵라면	11900	0	G9	https://shopping-phinf.pstatic.net/main_1310191/13101912975.1.jpg
NS13103227579	MALL	진라면 순한맛 (종이컵)65g ,15개입 /컵라면/신라면	식품>가공식품>라면>컵라면	8700	0	11번가	https://shopping-phinf.pstatic.net/main_1310322/13103227579.jpg
NS13103239414	MALL	진라면 순한맛 (종이컵)65g ,30개입 /컵라면/신라면	식품>가공식품>라면>컵라면	16600	0	11번가	https://shopping-phinf.pstatic.net/main_1310323/13103239414.jpg
NS13104283243	MALL	오뚜기 진라면 순한맛 컵라면 65g x 6개입	식품>가공식품>라면>컵라면	4350	2500	와이즈파트너스	https://shopping-phinf.pstatic.net/main_1310428/13104283243.jpg
NS13108698450	MALL	[당일발송]오뚜기 진라면 순한맛 컵면 15개 65g - 오뚜기 컵누들/컵라면/쌀국수	식품>가공식품>라면>컵라면	10350	0	티몬	https://shopping-phinf.pstatic.net/main_1310869/13108698450.jpg
NS13146692145	MALL	오뚜기 진라면 순한맛 (종이컵)65g  30개입 /컵라면/신라면	식품>가공식품>라면>컵라면	16290	0	옥션	https://shopping-phinf.pstatic.net/main_1314669/13146692145.jpg
NS13146834408	MALL	진라면 순한맛 (종이컵)65g ,30개입 /컵라면/신라면	식품>가공식품>라면>컵라면	13300	2500	11번가	https://shopping-phinf.pstatic.net/main_1314683/13146834408.jpg
NS13146844558	MALL	진라면 순한맛 (종이컵)65g ,30개입 /컵라면/신라면	식품>가공식품>라면>컵라면	20500	2500	다이소몰	https://shopping-phinf.pstatic.net/main_1314684/13146844558.jpg
NS13153344838	MALL	진라면 순한맛 (종이컵)65g ,15개입 /컵라면/신라면	식품>가공식품>라면>컵라면	11500	2500	다이소몰	https://shopping-phinf.pstatic.net/main_1315334/13153344838.jpg
NS13157425878	MALL	오뚜기 진라면컵 65g x 15개 매운맛/순한맛	식품>가공식품>라면>컵라면	7990	2500	11번가	https://shopping-phinf.pstatic.net/main_1315742/13157425878.jpg
NS13158959079	MALL	[빠른발송]오뚜기 진라면 순한맛 소컵 6입 컵라면 진라면	식품>가공식품>라면>컵라면	4250	2900	피팡	https://shopping-phinf.pstatic.net/main_1315895/13158959079.jpg
NS13163836982	MALL	오뚜기 진라면 순한맛 소컵 6입 컵라면 진라면	식품>가공식품>라면>컵라면	8190	2500	11번가	https://shopping-phinf.pstatic.net/main_1316383/13163836982.jpg
NS13172216074	MALL	진라면 순한맛 (종이컵)65g ,15개입 /컵라면/신라면	식품>가공식품>라면>컵라면	9340	0	인터파크	https://shopping-phinf.pstatic.net/main_1317221/13172216074.jpg
NS13172277740	MALL	진라면 순한맛 (종이컵)65g ,30개입 /컵라면/신라면	식품>가공식품>라면>컵라면	16820	0	인터파크	https://shopping-phinf.pstatic.net/main_1317227/13172277740.jpg
NS13172277742	MALL	진라면 순한맛 (종이컵)65g ,30개입 /컵라면/신라면	식품>가공식품>라면>컵라면	14150	2500	인터파크	https://shopping-phinf.pstatic.net/main_1317227/13172277742.jpg
NS13172333138	MALL	진라면 순한맛 (종이컵)65g ,15개입 /컵라면/신라면	식품>가공식품>라면>컵라면	7040	2500	인터파크	https://shopping-phinf.pstatic.net/main_1317233/13172333138.jpg
NS13207204507	MALL	[오뚜기] 02.오뚜기 진라면 순한맛 작은컵 6개	식품>가공식품>라면>컵라면	2510	2500	위메프	https://shopping-phinf.pstatic.net/main_1320720/13207204507.jpg
NS13221659958	MALL	[오뚜기] 02_진라면 순한맛 소컵 65g x 30개	식품>가공식품>라면>컵라면	17900	0	위메프	https://shopping-phinf.pstatic.net/main_1322165/13221659958.jpg
NS13224979409	MALL	(오뚜기) 진라면Cup 순한맛 65g x 15 컵라면 무료배송	식품>가공식품>라면>컵라면	10800	0	The지상	https://shopping-phinf.pstatic.net/main_1322497/13224979409.jpg
NS13224980440	MALL	(오뚜기) 진라면Cup 순한맛 65g x 15 (1box) 컵라면	식품>가공식품>라면>컵라면	7790	2500	The지상	https://shopping-phinf.pstatic.net/main_1322498/13224980440.jpg
NS13225188695	MALL	오뚜기 (오뚜기) 진라면Cup 순한맛 65g x 15 컵라면 무료배송	식품>가공식품>라면>컵라면	10070	0	옥션	https://shopping-phinf.pstatic.net/main_1322518/13225188695.jpg
NS13225192069	MALL	(오뚜기) 진라면Cup 순한맛 65g x 15 (1box) 컵라면	식품>가공식품>라면>컵라면	8500	2500	옥션	https://shopping-phinf.pstatic.net/main_1322519/13225192069.jpg
NS13225254413	MALL	(오뚜기) 진라면Cup 순한맛 65g x 15 (1box) 컵라면	식품>가공식품>라면>컵라면	8500	2500	G마켓	https://shopping-phinf.pstatic.net/main_1322525/13225254413.jpg
NS13225530749	MALL	(오뚜기) 진라면Cup 순한맛 65g x 15 (1box) 컵라면	식품>가공식품>라면>컵라면	8500	2500	11번가	https://shopping-phinf.pstatic.net/main_1322553/13225530749.jpg
NS13225533060	MALL	(오뚜기) 진라면Cup 순한맛 65g x 15 컵라면 무료배송	식품>가공식품>라면>컵라면	11500	0	11번가	https://shopping-phinf.pstatic.net/main_1322553/13225533060.jpg
NS13233874730	MALL	(오뚜기) 진라면Cup 순한맛 65g x 15 컵라면 무료배송	식품>가공식품>라면>컵라면	11130	0	인터파크	https://shopping-phinf.pstatic.net/main_1323387/13233874730.jpg
NS13233922485	MALL	(오뚜기) 진라면Cup 순한맛 65g x 15 (1box) 컵라면	식품>가공식품>라면>컵라면	8220	2500	인터파크	https://shopping-phinf.pstatic.net/main_1323392/13233922485.jpg
NS13288013942	MALL	오뚜기진라면순한맛미니컵 65g - 인기라면/컵라면 골라담기!	식품>가공식품>라면>컵라면	590	2500	티몬	https://shopping-phinf.pstatic.net/main_1328801/13288013942.jpg
NS13322033884	MALL	[오뚜기] 02_오뚜기 진라면컵 순한맛 6개	식품>가공식품>라면>컵라면	3300	2500	위메프	https://shopping-phinf.pstatic.net/main_1332203/13322033884.jpg
NS13360921085	MALL	[오뚜기] 진라면 미니컵 순한맛 [65g x 6개] (유통기한 : 2018-08-04) 박스 BOX	식품>가공식품>라면>컵라면	3427	2500	텐세이브	https://shopping-phinf.pstatic.net/main_1336092/13360921085.jpg
NS13372972184	MALL	오뚜기 진라면 순한맛 컵라면 65g x 6개입 용기라면 컵라면세트 진라면컵라면 진라면작은컵 순한컵라면	식품>가공식품>라면>컵라면	4900	2500	동양몰	https://shopping-phinf.pstatic.net/main_1337297/13372972184.jpg
NS13375367437	MALL	GT 오뚜기 진라면 순한맛 컵라면 65g x 6개입	식품>가공식품>라면>컵라면	4880	2500	인터널몰	https://shopping-phinf.pstatic.net/main_1337536/13375367437.jpg
NS13437913668	MALL	오뚜기 오뚜기 진라면 순한맛 컵라면 65g x 6개입	식품>가공식품>라면>컵라면	5940	2500	옥션	https://shopping-phinf.pstatic.net/main_1343791/13437913668.jpg
NS13473082599	MALL	[오뚜기] 진라면 순한맛 미니컵 15입65g x 15개	식품>가공식품>라면>컵라면	13900	0	인터파크	https://shopping-phinf.pstatic.net/main_1347308/13473082599.jpg
NS13486654483	MALL	오뚜기 진라면 순한맛 작은컵 [65g, 15개, BOX]	식품>가공식품>라면>컵라면	10830	2500	보급창고	https://shopping-phinf.pstatic.net/main_1348665/13486654483.jpg
NS13486655368	MALL	오뚜기 진라면 순한맛 작은컵 [65g, 6개, 팩]	식품>가공식품>라면>컵라면	4460	2500	보급창고	https://shopping-phinf.pstatic.net/main_1348665/13486655368.jpg
NS13497635789	MALL	진라면 순한맛 소컵 65g 15개	식품>가공식품>라면>컵라면	8550	2500	글로리마켓	https://shopping-phinf.pstatic.net/main_1349763/13497635789.jpg
NS13501049972	MALL	오뚜기 진라면 순한맛 소컵 65g - 990원으로 간편쇼핑 해결!	식품>가공식품>라면>컵라면	990	2500	티몬	https://shopping-phinf.pstatic.net/main_1350104/13501049972.jpg
NS13578223449	MALL	오뚜기 진라면 순한맛 컵라면 65g x 6개입 용기라면	식품>가공식품>라면>컵라면	4810	2500	11번가	https://shopping-phinf.pstatic.net/main_1357822/13578223449.jpg
NS13603820889	MALL	오뚜기 진라면 순한맛 (종이컵)65g 15개입 /컵라면/신라면	식품>가공식품>라면>컵라면	10550	2500	G마켓	https://shopping-phinf.pstatic.net/main_1360382/13603820889.jpg
NS13603829694	MALL	오뚜기 진라면 순한맛 (종이컵)65g  30개입 /컵라면/신라면	식품>가공식품>라면>컵라면	18260	2500	G마켓	https://shopping-phinf.pstatic.net/main_1360382/13603829694.2.jpg
NS13604138290	MALL	진라면 순한맛 (종이컵)65g ,15개입 /컵라면/신라면	식품>가공식품>라면>컵라면	10580	2500	11번가	https://shopping-phinf.pstatic.net/main_1360413/13604138290.jpg
NS13604144420	MALL	진라면 순한맛 (종이컵)65g ,30개입 /컵라면/신라면	식품>가공식품>라면>컵라면	18640	2500	11번가	https://shopping-phinf.pstatic.net/main_1360414/13604144420.1.jpg
NS13606184495	MALL	오뚜기 진라면 순한맛컵 65gx15입 컵라면 라면 작은컵	식품>가공식품>라면>컵라면	8330	0	11번가	https://shopping-phinf.pstatic.net/main_1360618/13606184495.jpg
NS13640065230	MALL	오뚜기 진라면 순한맛 컵라면 65g x 6개입/g880356_1	식품>가공식품>라면>컵라면	3840	2500	구매GO	https://shopping-phinf.pstatic.net/main_1364006/13640065230.jpg
NS13645653898	MALL	[오뚜기] 진라면 순한맛 미니컵 15입(65g x 15개)	식품>가공식품>라면>컵라면	11740	0	하프클럽	https://shopping-phinf.pstatic.net/main_1364565/13645653898.jpg
NS13649709309	MALL	진라면 순한맛 소컵 65g 오뚜기 - [몬스터꿀딜] 맛있는라면/참치/스팸	식품>가공식품>라면>컵라면	660	2500	티몬	https://shopping-phinf.pstatic.net/main_1364970/13649709309.jpg
NS13651552668	MALL	오뚜기 진라면 순한맛 작은컵 [65g/15개/BOX]	식품>가공식품>라면>컵라면	10600	3000	무림오피스웨이	https://shopping-phinf.pstatic.net/main_1365155/13651552668.jpg
NS13651553873	MALL	오뚜기 진라면 순한맛 작은컵 [65g/6개/팩]	식품>가공식품>라면>컵라면	4370	3000	무림오피스웨이	https://shopping-phinf.pstatic.net/main_1365155/13651553873.jpg
NS13663851045	MALL	[당일발송]오뚜기 진라면 순한맛 컵면 1개 65g - 인기컵라면 91종 골라담기	식품>가공식품>라면>컵라면	650	2500	티몬	https://shopping-phinf.pstatic.net/main_1366385/13663851045.jpg
NS13677806443	MALL	GT 오뚜기 진라면 순한맛 컵라면 65g x 6개입	식품>가공식품>라면>컵라면	6970	2500	주드걸	https://shopping-phinf.pstatic.net/main_1367780/13677806443.jpg
NS13684394828	MALL	오뚜기 진라면 순한맛 소컵 6입 컵라면 진라면	식품>가공식품>라면>컵라면	5454	2500	뉴욕아이	https://shopping-phinf.pstatic.net/main_1368439/13684394828.jpg
NS13699536883	MALL	[오뚜기] 02_진라면 순한맛 작은컵 65g X 1개	식품>가공식품>라면>컵라면	700	2500	위메프	https://shopping-phinf.pstatic.net/main_1369953/13699536883.jpg
NS13733412052	MALL	오뚜기 진라면 순한맛 소컵 6입	식품>가공식품>라면>컵라면	3400	2500	옥션	https://shopping-phinf.pstatic.net/main_1373341/13733412052.jpg
NS13733454430	MALL	오뚜기 진라면 순한맛 소컵 6입x5박스	식품>가공식품>라면>컵라면	19800	0	옥션	https://shopping-phinf.pstatic.net/main_1373345/13733454430.jpg
NS13745818079	MALL	오뚜기 바름푸드/오뚜기/진라면/순한맛/작은컵/65g/15개	식품>가공식품>라면>컵라면	8400	3000	옥션	https://shopping-phinf.pstatic.net/main_1374581/13745818079.jpg
NS13745906717	MALL	바름푸드/오뚜기/진라면/순한맛/작은컵/65g/15개	식품>가공식품>라면>컵라면	8400	3000	G마켓	https://shopping-phinf.pstatic.net/main_1374590/13745906717.jpg
NS13745963152	MALL	바름푸드/오뚜기/진라면/순한맛/작은컵/65g/15개	식품>가공식품>라면>컵라면	11400	3000	옥션	https://shopping-phinf.pstatic.net/main_1374596/13745963152.jpg
NS13745983461	MALL	바름푸드/오뚜기/진라면/순한맛/작은컵/65g/15개	식품>가공식품>라면>컵라면	11400	3000	G마켓	https://shopping-phinf.pstatic.net/main_1374598/13745983461.jpg
NS13755408441	MALL	오뚜기 진라면 소컵 65g 순한맛 x 12개  - 오뚜기 진라면 소컵 6+6 균일가!	식품>가공식품>라면>컵라면	7920	0	티몬	https://shopping-phinf.pstatic.net/main_1375540/13755408441.4.jpg
NS13772960990	MALL	[오뚜기] 15_오뚜기진라면순한맛용기65g 3개	식품>가공식품>라면>컵라면	1990	2500	위메프	https://shopping-phinf.pstatic.net/main_1377296/13772960990.jpg
NS13773375470	MALL	오뚜기 진라면 컵 순한맛 (65g*15개입/BOX)	식품>가공식품>라면>컵라면	13900	3000	칠성상회	https://shopping-phinf.pstatic.net/main_1377337/13773375470.jpg
NS13800374453	MALL	오뚜기 진라면 순한맛 컵라면 30개입X1박스  - 오뚜기 진라면 컵라면 30개	식품>가공식품>라면>컵라면	16650	0	티몬	https://shopping-phinf.pstatic.net/main_1380037/13800374453.11.jpg
NS13811878549	MALL	[오뚜기] 002_오뚜기진라면순한맛용기65g	식품>가공식품>라면>컵라면	560	2500	위메프	https://shopping-phinf.pstatic.net/main_1381187/13811878549.jpg
NS13813830695	MALL	오뚜기진라면순한맛용기65g - 컵라면봉지라면 총결산145종 즉석식품!	식품>가공식품>라면>컵라면	650	2500	티몬	https://shopping-phinf.pstatic.net/main_1381383/13813830695.jpg
NS13835474890	MALL	[오뚜기] 02_진라면 순한맛 작은컵 30개	식품>가공식품>라면>컵라면	17500	0	위메프	https://shopping-phinf.pstatic.net/main_1383547/13835474890.jpg
NS13846292453	MALL	[심쿵!]오뚜기 진라면 순한맛 소컵 6입 컵라면 진라면	식품>가공식품>라면>컵라면	8550	0	11번가	https://shopping-phinf.pstatic.net/main_1384629/13846292453.jpg
NS13852068353	MALL	[오뚜기] 진라면 순한맛 미니컵 6입(65g x 6개)	식품>가공식품>라면>컵라면	9500	0	동원몰	https://shopping-phinf.pstatic.net/main_1385206/13852068353.jpg
NS13852069946	MALL	[오뚜기] 진라면 순한맛 미니컵 6입(65g x 6개)	식품>가공식품>라면>컵라면	9500	2500	롯데마트	https://shopping-phinf.pstatic.net/main_1385206/13852069946.jpg
NS13857362642	MALL	[추가 10% 할인]오뚜기 진라면 소컵 순한맛 65g 45개/신라면/컵라면	식품>가공식품>라면>컵라면	28110	0	G9	https://shopping-phinf.pstatic.net/main_1385736/13857362642.jpg
NS13857363235	MALL	[추가 10% 할인]오뚜기 진라면 소컵 순한맛 65g x15개/신라면/컵라면	식품>가공식품>라면>컵라면	11050	0	G9	https://shopping-phinf.pstatic.net/main_1385736/13857363235.jpg
NS13869002721	MALL	[특판] 오뚜기 진라면 순한맛 소컵 6입 컵라면 진라면매운맛 진라면컵라면	식품>가공식품>라면>컵라면	4650	3000	도매리더	https://shopping-phinf.pstatic.net/main_1386900/13869002721.jpg
NS13881654041	MALL	진라면 진라면순한맛65g(15입)/라면/컵라면/진라면/용기면	식품>가공식품>라면>컵라면	11470	0	옥션	https://shopping-phinf.pstatic.net/main_1388165/13881654041.jpg
NS13881655134	MALL	진라면 진라면순한맛65g(15입)/라면/컵라면/진라면/용기면	식품>가공식품>라면>컵라면	12900	0	G마켓	https://shopping-phinf.pstatic.net/main_1388165/13881655134.jpg
NS13889284369	MALL	오뚜기 진라면 순한맛 소컵 6입x5박스	식품>가공식품>라면>컵라면	21780	0	G마켓	https://shopping-phinf.pstatic.net/main_1388928/13889284369.jpg
NS13889307603	MALL	오뚜기 진라면 순한맛 소컵 6입x5박스	식품>가공식품>라면>컵라면	19510	0	옥션	https://shopping-phinf.pstatic.net/main_1388930/13889307603.jpg
NS13890619992	MALL	[오뚜기] 진라면 순한맛 미니컵 6입(65g x 6개)	식품>가공식품>라면>컵라면	6045	0	신세계몰	https://shopping-phinf.pstatic.net/main_1389061/13890619992.jpg
NS13890626100	MALL	[오뚜기] 진라면 순한맛 미니컵 6입(65g x 6개)	식품>가공식품>라면>컵라면	6110	0	SSG닷컴	https://shopping-phinf.pstatic.net/main_1389062/13890626100.jpg
NS13901198714	MALL	오뚜기 진라면컵 순한맛 65g	식품>가공식품>라면>컵라면	430	2500	G마켓	https://shopping-phinf.pstatic.net/main_1390119/13901198714.2.jpg
NS13902516870	MALL	[오뚜기] 진라면 순한맛 용기 65g x 6개(소컵)	식품>가공식품>라면>컵라면	3180	2500	위메프	https://shopping-phinf.pstatic.net/main_1390251/13902516870.jpg
NS13914322094	MALL	[오뚜기] 진라면 미니컵 순한맛 65g	식품>가공식품>라면>컵라면	650	2500	정우마트몰	https://shopping-phinf.pstatic.net/main_1391432/13914322094.jpg
NS13916393022	MALL	[추가 10% 할인]오뚜기 진라면 종이컵 순한맛 15개	식품>가공식품>라면>컵라면	10900	0	G9	https://shopping-phinf.pstatic.net/main_1391639/13916393022.jpg
NS13918842127	MALL	오뚜기 진라면 순한맛 소컵 6입 컵라면 진라면	식품>가공식품>라면>컵라면	9600	0	옥션	https://shopping-phinf.pstatic.net/main_1391884/13918842127.jpg
NS13954790244	MALL	오뚜기 (현대Hmall)[오뚜기] 진라면 순한맛 미니컵 6입(65g x 6개)	식품>가공식품>라면>컵라면	5440	0	G마켓	https://shopping-phinf.pstatic.net/main_1395479/13954790244.jpg
NS13959492498	MALL	[오뚜기] 진라면 순한맛 미니컵 6입(65g x 6개)	식품>가공식품>라면>컵라면	5580	0	현대Hmall	https://shopping-phinf.pstatic.net/main_1395949/13959492498.jpg
NS13978871923	MALL	[카드 5% 할인][Hmall]오뚜기 (현대Hmall)[오뚜기] 진라면 순한맛 미니컵 6입(65g x 6개)	식품>가공식품>라면>컵라면	5700	0	G9	https://shopping-phinf.pstatic.net/main_1397887/13978871923.jpg
NS13995408786	MALL	오뚜기 진라면컵 순한맛 65g	식품>가공식품>라면>컵라면	440	2500	옥션	https://shopping-phinf.pstatic.net/main_1399540/13995408786.jpg
NS13995480712	MALL	진라면컵 순한맛 65g	식품>가공식품>라면>컵라면	540	2500	인터파크	https://shopping-phinf.pstatic.net/main_1399548/13995480712.jpg
NS13995516732	MALL	진라면컵 순한맛 65g	식품>가공식품>라면>컵라면	520	2500	11번가	https://shopping-phinf.pstatic.net/main_1399551/13995516732.jpg
NS14009471555	MALL	오뚜기진라면(순)65g 순한맛 - 컵누들 8종 외 컵라면 모음	식품>가공식품>라면>컵라면	750	2500	티몬	https://shopping-phinf.pstatic.net/main_1400947/14009471555.jpg
NS14016796770	MALL	진라면 소컵 매운맛/순한맛 65gx15개 컵라면 - 진라면 소컵(순한맛)(65gx15개입)/1개	식품>가공식품>라면>컵라면	11100	0	11번가	https://shopping-phinf.pstatic.net/main_1401679/14016796770.1.jpg
NS14021861427	MALL	[오뚜기] 02_오뚜기 진라면 순한맛 소컵 15입	식품>가공식품>라면>컵라면	9600	0	위메프	https://shopping-phinf.pstatic.net/main_1402186/14021861427.jpg
NS14023592524	MALL	[오뚜기] 041_오뚜기진라면순한맛용기65g	식품>가공식품>라면>컵라면	690	2500	위메프	https://shopping-phinf.pstatic.net/main_1402359/14023592524.jpg
NS14050564152	MALL	오뚜기 진라면 순한맛 소컵 6입x5박스	식품>가공식품>라면>컵라면	28730	0	옥션	https://shopping-phinf.pstatic.net/main_1405056/14050564152.jpg
NS14058829960	MALL	[오뚜기] 진라면 순한맛 미니컵 6입(65g x 6개)	식품>가공식품>라면>컵라면	6500	0	홈앤쇼핑	https://shopping-phinf.pstatic.net/main_1405882/14058829960.jpg
NS14068769000	MALL	[오뚜기] 진라면 순한맛 미니컵 6입(65g x 6개)	식품>가공식품>라면>컵라면	7500	0	이마트몰	https://shopping-phinf.pstatic.net/main_1406876/14068769000.jpg
NS14068769531	MALL	[오뚜기] 진라면 순한맛 미니컵 15입(65g x 15개)	식품>가공식품>라면>컵라면	12900	0	이마트몰	https://shopping-phinf.pstatic.net/main_1406876/14068769531.jpg
NS14068773201	MALL	[오뚜기] 진라면 순한맛 미니컵 6입(65g x 6개)	식품>가공식품>라면>컵라면	7500	0	SSG닷컴	https://shopping-phinf.pstatic.net/main_1406877/14068773201.jpg
NS14068773436	MALL	[오뚜기] 진라면 순한맛 미니컵 15입(65g x 15개)	식품>가공식품>라면>컵라면	12900	0	SSG닷컴	https://shopping-phinf.pstatic.net/main_1406877/14068773436.jpg
NS14079460308	MALL	오뚜기 오뚜기 진라면 순한맛 미니컵 15입(65g x 15개)	식품>가공식품>라면>컵라면	11870	0	옥션	https://shopping-phinf.pstatic.net/main_1407946/14079460308.jpg
NS14089008316	MALL	오뚜기 오뚜기 진라면 순한맛 미니컵 15입(65g x 15개)	식품>가공식품>라면>컵라면	10870	0	옥션	https://shopping-phinf.pstatic.net/main_1408900/14089008316.jpg
NS14090120784	MALL	[다이소몰]진라면순한맛(컵)65gx6ea/오뚜기	식품>가공식품>라면>컵라면	3890	2500	인터파크	https://shopping-phinf.pstatic.net/main_1409012/14090120784.jpg
NS14093064391	MALL	오뚜기 오뚜기 진라면 순한맛 미니컵 6입(65g x 6개)	식품>가공식품>라면>컵라면	6020	0	옥션	https://shopping-phinf.pstatic.net/main_1409306/14093064391.jpg
NS14113813069	MALL	오뚜기 오뚜기 진라면 순한맛 미니컵 15입(65g x 15개)	식품>가공식품>라면>컵라면	15230	2500	옥션	https://shopping-phinf.pstatic.net/main_1411381/14113813069.jpg
NS14114056547	MALL	오뚜기 진라면 순한맛 미니컵 15입(65g x 15개)	식품>가공식품>라면>컵라면	16660	2500	G마켓	https://shopping-phinf.pstatic.net/main_1411405/14114056547.jpg
NS14169825352	MALL	오뚜기진라면순한맛용기65g 1개 - [오뚜기] 인기 컵라면/컵밥 모음전★	식품>가공식품>라면>컵라면	590	2500	티몬	https://shopping-phinf.pstatic.net/main_1416982/14169825352.1.jpg
NS14177883267	MALL	[추가 10% 할인]오뚜기 진라면 순한맛 (종이컵)65g  30개입 /컵라면/신라면	식품>가공식품>라면>컵라면	18900	0	G9	https://shopping-phinf.pstatic.net/main_1417788/14177883267.jpg
NS14177883268	MALL	[추가 10% 할인]오뚜기 진라면 순한맛 (종이컵)65g 15개입 /컵라면/신라면	식품>가공식품>라면>컵라면	10500	0	G9	https://shopping-phinf.pstatic.net/main_1417788/14177883268.jpg
NS14184915737	MALL	오뚜기 [오뚜기] 진라면 순한맛 미니컵 15입(65g x 15개)	식품>가공식품>라면>컵라면	10390	0	G마켓	https://shopping-phinf.pstatic.net/main_1418491/14184915737.jpg
NS14205519740	MALL	오뚜기 [오뚜기] 진라면 순한맛 미니컵 6입(65g x 6개)	식품>가공식품>라면>컵라면	5900	0	G마켓	https://shopping-phinf.pstatic.net/main_1420551/14205519740.jpg
NS14255991789	MALL	[K쇼핑]오뚜기 오뚜기 진라면 Cup순한맛 (종이컵) 65g(15입) X 1box	식품>가공식품>라면>컵라면	9790	0	G9	https://shopping-phinf.pstatic.net/main_1425599/14255991789.jpg
NS14279886040	MALL	[오뚜기] 진라면 순한맛 미니컵 6입(65g x 6개)	식품>가공식품>라면>컵라면	5730	0	11번가	https://shopping-phinf.pstatic.net/main_1427988/14279886040.jpg
NS14283039813	MALL	AK 오뚜기 진라면 순한맛 미니컵 6입(65g x 6개)	식품>가공식품>라면>컵라면	5810	0	옥션	https://shopping-phinf.pstatic.net/main_1428303/14283039813.jpg
NS14283125525	MALL	AK [오뚜기] 진라면 순한맛 미니컵 6입(65g x 6개)	식품>가공식품>라면>컵라면	5730	0	G마켓	https://shopping-phinf.pstatic.net/main_1428312/14283125525.jpg
NS14283960030	MALL	[오뚜기] 진라면 순한맛 미니컵 6입(65g x 6개)	식품>가공식품>라면>컵라면	5900	0	AK몰	https://shopping-phinf.pstatic.net/main_1428396/14283960030.jpg
NS14312419920	MALL	[오뚜기] 진라면 순한맛 미니컵 6입65g x 6개	식품>가공식품>라면>컵라면	6500	0	인터파크	https://shopping-phinf.pstatic.net/main_1431241/14312419920.jpg
NS14353731003	MALL	[오뚜기] 진라면 순한맛 미니컵 6입(65g x 6개)	식품>가공식품>라면>컵라면	6050	0	GSSHOP	https://shopping-phinf.pstatic.net/main_1435373/14353731003.jpg
NS14354228859	MALL	오뚜기 (현대Hmall) 오뚜기  진라면 순한맛 미니컵 6입(65g x 6개)	식품>가공식품>라면>컵라면	5520	0	옥션	https://shopping-phinf.pstatic.net/main_1435422/14354228859.jpg
NS14354318137	MALL	[오뚜기] 진라면 순한맛 미니컵 6입(65g x 6개)	식품>가공식품>라면>컵라면	5640	0	11번가	https://shopping-phinf.pstatic.net/main_1435431/14354318137.jpg
NS14368296854	MALL	[이라운드몰][오뚜기] [오뚜기] 진라면 순한맛 미니컵 15입(65g x 15개)	식품>가공식품>라면>컵라면	13900	0	이라운드몰	https://shopping-phinf.pstatic.net/main_1436829/14368296854.jpg
NS14368538106	MALL	[이라운드몰][오뚜기] [오뚜기] 진라면 순한맛 미니컵 6입(65g x 6개)	식품>가공식품>라면>컵라면	6500	0	이라운드몰	https://shopping-phinf.pstatic.net/main_1436853/14368538106.jpg
NS14412311745	MALL	[Akmall]AK [오뚜기] 진라면 순한맛 미니컵 6입(65g x 6개)	식품>가공식품>라면>컵라면	5970	0	G9	https://shopping-phinf.pstatic.net/main_1441231/14412311745.jpg
NS14421318951	MALL	진라면 순한맛 6입	식품>가공식품>라면>컵라면	4580	2500	인터파크	https://shopping-phinf.pstatic.net/main_1442131/14421318951.jpg
NS14427046750	MALL	오뚜기 진라면 순한맛 소컵65g	식품>가공식품>라면>컵라면	540	2500	인터파크	https://shopping-phinf.pstatic.net/main_1442704/14427046750.jpg
NS14428682346	MALL	오뚜기 진라면컵순한맛 65g X 6	식품>가공식품>라면>컵라면	3480	2500	원프라이스	https://shopping-phinf.pstatic.net/main_1442868/14428682346.jpg
NS14455248099	MALL	[롯데아이몰][오뚜기][오뚜기] 진라면 순한맛 미니컵 15입(65g x 15개)	식품>가공식품>라면>컵라면	10960	0	인터파크	https://shopping-phinf.pstatic.net/main_1445524/14455248099.jpg
NS14456390486	MALL	[롯데아이몰][오뚜기][오뚜기]진라면컵 순한맛 (종이컵) 65gX10개입	식품>가공식품>라면>컵라면	7910	0	인터파크	https://shopping-phinf.pstatic.net/main_1445639/14456390486.jpg
NS14456850819	MALL	[롯데아이몰][오뚜기][오뚜기] 진라면 종이컵 순한맛 15개	식품>가공식품>라면>컵라면	9950	0	인터파크	https://shopping-phinf.pstatic.net/main_1445685/14456850819.jpg
NS14487140780	MALL	오뚜기 진라면Cup순한맛(종이컵)65G	식품>가공식품>라면>컵라면	510	3000	위메프	https://shopping-phinf.pstatic.net/main_1448714/14487140780.jpg
NS14560784620	MALL	오뚜기진라면순한맛용기65g 1개 - 즉석식품 파격할인★라면 190원~	식품>가공식품>라면>컵라면	610	2500	티몬	https://shopping-phinf.pstatic.net/main_1456078/14560784620.jpg
NS5610679203	MALL	오뚜기_진라면소컵순한맛_65G*6입	식품>가공식품>라면>컵라면	2850	3000	홈플러스	https://shopping-phinf.pstatic.net/main_5610679/5610679203.2.jpg
NS5789675813	MALL	오뚜기 진라면 순한맛 종이컵 65gX15개입 내벗	식품>가공식품>라면>컵라면	8320	2500	옥션	https://shopping-phinf.pstatic.net/main_5789675/5789675813.2.jpg
NS5819234335	MALL	진라면 오뚜기 진라면 순한맛 종이컵 65gX15개입 내벗	식품>가공식품>라면>컵라면	8320	2500	G마켓	https://shopping-phinf.pstatic.net/main_5819234/5819234335.2.jpg
NS6481680132	MALL	오뚜기 진라면 순한맛 종이컵 65gX15개입 내벗	식품>가공식품>라면>컵라면	9260	2500	내벗스토어	https://shopping-phinf.pstatic.net/main_6481680/6481680132.2.jpg
NS6665121195	MALL	가르뱅이몰 -초특가/진라면미니컵18개입 /매운맛/순한맛/오뚜기	식품>가공식품>라면>컵라면	10900	0	옥션	https://shopping-phinf.pstatic.net/main_6665121/6665121195.1.jpg
NS6842220491	MALL	[행복장바구니]진라면순한65g(미니컵)30개(1박스)/소컵/컵라면/라면/즉석가공식품	식품>가공식품>라면>컵라면	19400	2500	행복장바구니	https://shopping-phinf.pstatic.net/main_6842220/6842220491.1.jpg
NS6842353745	MALL	오뚜기 초특가 오뚜기 진라면순한맛 소컵 65g 1개/컵라면	식품>가공식품>라면>컵라면	510	2500	옥션	https://shopping-phinf.pstatic.net/main_6842353/6842353745.jpg
NS6842360393	MALL	진라면 오뚜기 진라면순한맛 65g (미니컵)1개 컵라면	식품>가공식품>라면>컵라면	500	2500	G마켓	https://shopping-phinf.pstatic.net/main_6842360/6842360393.1.jpg
NS6842414286	MALL	(행복장바구니)오뚜기 진라면순한맛65g(미니컵)30개(1박스)/소컵/컵라면/라면/즉석가공식품	식품>가공식품>라면>컵라면	17040	2500	11번가	https://shopping-phinf.pstatic.net/main_6842414/6842414286.1.jpg
NS6842423134	MALL	오뚜기 진라면순한맛 작은컵 65g 1개 진라면 소컵	식품>가공식품>라면>컵라면	530	2500	11번가	https://shopping-phinf.pstatic.net/main_6842423/6842423134.jpg
NS7005847618	MALL	오뚜기 진라면 순한맛 소컵 65g*6개	식품>가공식품>라면>컵라면	3900	3000	메가마트몰	https://shopping-phinf.pstatic.net/main_7005847/7005847618.1.jpg
NS7207488312	MALL	오뚜기 진라면 작은컵순한맛 1BOX(착불, 컵라면 2박스단위 무료배송)	식품>가공식품>라면>컵라면	9600	-1	디씨커피	https://shopping-phinf.pstatic.net/main_7207488/7207488312.jpg
NS7366976191	MALL	오뚜기 진라면컵순한맛 65g 15개 오뚜기라면 컵라면 캠핑 등산 낚시 야식 간식 라면 진라면 순한맛	식품>가공식품>라면>컵라면	13330	0	NH마켓	https://shopping-phinf.pstatic.net/main_7366976/7366976191.jpg
NS7376759158	MALL	[오뚜기] 진라면 소컵-순한맛 (65g*6개)	식품>가공식품>라면>컵라면	2793	3000	이마트몰	https://shopping-phinf.pstatic.net/main_7376759/7376759158.4.jpg
NS7376766821	MALL	[오뚜기] 진라면 소컵(순한맛) 65g	식품>가공식품>라면>컵라면	637	3000	이마트몰	https://shopping-phinf.pstatic.net/main_7376766/7376766821.3.jpg
NS7412929042	MALL	[오뚜기] 진라면 소컵(순한맛) 65g	식품>가공식품>라면>컵라면	644	3000	SSG닷컴	https://shopping-phinf.pstatic.net/main_7412929/7412929042.3.jpg
NS7420861057	MALL	[오뚜기] 진라면순한미니컵(15입)//무료배송/라면/컵라면/농심/오뚜기/삼양/팔도	식품>가공식품>라면>컵라면	10370	0	옥션	https://shopping-phinf.pstatic.net/main_7420861/7420861057.jpg
NS7420879684	MALL	진라면 [오뚜기] 진라면순한미니컵(15입)//무료배송/라면/컵라면/농심/오뚜기/삼양/팔도	식품>가공식품>라면>컵라면	10370	0	G마켓	https://shopping-phinf.pstatic.net/main_7420879/7420879684.jpg
NS7447196180	MALL	오뚜기 진라면 컵 순한맛(6개)-전용센터	식품>가공식품>라면>컵라면	2850	2500	롯데마트	https://shopping-phinf.pstatic.net/main_7447196/7447196180.1.jpg
NS7518624030	MALL	오뚜기 진라면 미니컵 순한맛 65g	식품>가공식품>라면>컵라면	780	2500	옥션	https://shopping-phinf.pstatic.net/main_7518624/7518624030.1.jpg
NS7518626103	MALL	진라면 오뚜기 진라면 미니컵 순한맛 65g	식품>가공식품>라면>컵라면	780	2500	G마켓	https://shopping-phinf.pstatic.net/main_7518626/7518626103.1.jpg
NS7525080153	MALL	[오뚜기] 진라면 순한맛 미니컵 15입(65g x 15개)	식품>가공식품>라면>컵라면	11500	0	홈앤쇼핑	https://shopping-phinf.pstatic.net/main_7525080/7525080153.1.jpg
NS7553335254	MALL	(추천)진라면순한맛(컵)65g 6ea/오뚜기	식품>가공식품>라면>컵라면	5840	2500	옥션	https://shopping-phinf.pstatic.net/main_7553335/7553335254.jpg
NS7559110830	MALL	오뚜기 [오뚜기] 진라면 순한맛 미니컵 15입(65g x 15개)	식품>가공식품>라면>컵라면	11070	0	롯데아이몰	https://shopping-phinf.pstatic.net/main_7559110/7559110830.3.jpg
NS7563649843	MALL	오뚜기 진라면 미니컵 순한맛 65g	식품>가공식품>라면>컵라면	710	2500	11번가	https://shopping-phinf.pstatic.net/main_7563649/7563649843.1.jpg
NS7590803401	MALL	오뚜기 진라면 미니컵 순한맛 65g	식품>가공식품>라면>컵라면	800	2500	푸드앤맘	https://shopping-phinf.pstatic.net/main_7590803/7590803401.1.jpg
NS7592812315	MALL	원하프3 [원하프]진라면순한맛(컵)65g 6ea/오뚜기[고객만족 총알배송 ]	식품>가공식품>라면>컵라면	4310	3000	옥션	https://shopping-phinf.pstatic.net/main_7592812/7592812315.jpg
NS7597211219	MALL	[원하프]진라면순한맛(컵)65g×6ea/오뚜기[고객만족!총알배송!]	식품>가공식품>라면>컵라면	4490	3000	11번가	https://shopping-phinf.pstatic.net/main_7597211/7597211219.1.jpg
NS7735790599	MALL	하늘과호수 오뚜기 진라면 소컵 순한맛 65g x15개/신라면/컵라면	식품>가공식품>라면>컵라면	9620	0	옥션	https://shopping-phinf.pstatic.net/main_7735790/7735790599.1.jpg
NS7736935835	MALL	오뚜기 진라면 소컵 순한맛 65g x15개/신라면/컵라면	식품>가공식품>라면>컵라면	9720	0	11번가	https://shopping-phinf.pstatic.net/main_7736935/7736935835.2.jpg
NS7739546514	MALL	오뚜기 진라면 소컵 순한맛 65g x15개/신라면/컵라면	식품>가공식품>라면>컵라면	9620	0	G마켓	https://shopping-phinf.pstatic.net/main_7739546/7739546514.1.jpg
NS7789390909	MALL	오뚜기 진라면컵 순한맛 (65G*15입)	식품>가공식품>라면>컵라면	12000	2500	롯데슈퍼	https://shopping-phinf.pstatic.net/main_7789390/7789390909.jpg
NS7789390910	MALL	오뚜기 진라면컵 순한맛(65G)	식품>가공식품>라면>컵라면	800	2500	롯데슈퍼	https://shopping-phinf.pstatic.net/main_7789390/7789390910.jpg
NS7789390978	MALL	오뚜기 진라면컵 순한맛 65G*6입	식품>가공식품>라면>컵라면	2990	2500	롯데슈퍼	https://shopping-phinf.pstatic.net/main_7789390/7789390978.jpg
NS7793882152	MALL	[오뚜기] 진라면 순한맛 미니컵 15입(65g x 15개)	식품>가공식품>라면>컵라면	12000	0	GSSHOP	https://shopping-phinf.pstatic.net/main_7793882/7793882152.jpg
NS7824253734	MALL	오뚜기 진라면 종이컵 순한맛 15개	식품>가공식품>라면>컵라면	10900	0	에코그린	https://shopping-phinf.pstatic.net/main_7824253/7824253734.1.jpg
NS7826126961	MALL	오뚜기 진라면 종이컵 순한맛 15개	식품>가공식품>라면>컵라면	9470	0	옥션	https://shopping-phinf.pstatic.net/main_7826126/7826126961.jpg
NS7826128894	MALL	진라면 오뚜기 진라면 종이컵 순한맛 15개	식품>가공식품>라면>컵라면	9470	0	G마켓	https://shopping-phinf.pstatic.net/main_7826128/7826128894.jpg
NS7840950520	MALL	진라면 제3도매/오뚜기 진라면 순한맛 소컵 6입/라면.컵라면	식품>가공식품>라면>컵라면	3700	2500	G마켓	https://shopping-phinf.pstatic.net/main_7840950/7840950520.jpg
NS7840953846	MALL	제3도매/오뚜기 진라면 순한맛 소컵 6입/라면.컵라면	식품>가공식품>라면>컵라면	3030	2500	옥션	https://shopping-phinf.pstatic.net/main_7840953/7840953846.jpg
NS7840970196	MALL	제3도매/오뚜기 진라면 순한맛 소컵 6입/라면.간식.컵라면.팔도비빔면.짜파게티.튀김우동.육개장.새우탕	식품>가공식품>라면>컵라면	3250	2500	11번가	https://shopping-phinf.pstatic.net/main_7840970/7840970196.1.jpg
NS7905463005	MALL	진라면 오뚜기 진라면1box(65gx6개)순한맛/컵라면/캠핑/간식	식품>가공식품>라면>컵라면	3900	2500	G마켓	https://shopping-phinf.pstatic.net/main_7905463/7905463005.jpg
NS7905504104	MALL	오뚜기 진라면1box(65gx6개)순한맛/컵라면/캠핑/간식	식품>가공식품>라면>컵라면	3900	2500	옥션	https://shopping-phinf.pstatic.net/main_7905504/7905504104.jpg
NS7905772316	MALL	[오뚜기]진라면1box(65gx6개)순한맛/컵라면/캠핑/간식 (오뚜기)	식품>가공식품>라면>컵라면	3510	2500	11번가	https://shopping-phinf.pstatic.net/main_7905772/7905772316.jpg
NS7946495055	MALL	오뚜기 [오뚜기]진라면컵 순한맛 (종이컵) 65gX10개입	식품>가공식품>라면>컵라면	8500	0	롯데아이몰	https://shopping-phinf.pstatic.net/main_7946495/7946495055.2.jpg
NS7953516849	MALL	[오뚜기] 진라면 순한맛 미니컵 15입(65g x 15개)/오뚜기,진라면,순한맛,컵라면	식품>가공식품>라면>컵라면	11900	0	IJSHOP	https://shopping-phinf.pstatic.net/main_7953516/7953516849.jpg
NS80048547704	MALL	[성일] 오뚜기 진라면 순한맛 컵라면 65g x 6개입	식품>가공식품>라면>컵라면	5130	2500	성일유통	https://shopping-phinf.pstatic.net/main_8004854/80048547704.jpg
NS80082916092	MALL	오뚜기 진라면 순한맛 컵라면 65g x 6개입	식품>가공식품>라면>컵라면	5430	2800	욜로망고7	https://shopping-phinf.pstatic.net/main_8008291/80082916092.jpg
NS80091380745	MALL	오뚜기 진라면 순한맛 소컵 65g x 15개입	식품>가공식품>라면>컵라면	8000	2500	사랑주는쇼핑몰	https://shopping-phinf.pstatic.net/main_8009138/80091380745.jpg
NS80091383517	MALL	오뚜기 진라면 순한맛 컵라면 (미니) 65g	식품>가공식품>라면>컵라면	550	2500	베이비또	https://shopping-phinf.pstatic.net/main_8009138/80091383517.jpg
NS80101110621	MALL	GT 오뚜기 진라면 순한맛 컵라면 65g x 6개입	식품>가공식품>라면>컵라면	5110	2500	라돌체비타	https://shopping-phinf.pstatic.net/main_8010111/80101110621.jpg
NS80105195544	MALL	오뚜기 진라면컵 순한맛 65g (미니)	식품>가공식품>라면>컵라면	550	2500	베이비또	https://shopping-phinf.pstatic.net/main_8010519/80105195544.jpg
NS80105916219	MALL	진라면컵 순한맛 65g	식품>가공식품>라면>컵라면	520	2500	팔로우마켓	https://shopping-phinf.pstatic.net/main_8010591/80105916219.jpg
NS80109619458	MALL	바름푸드/오뚜기/진라면/순한맛/작은컵/65g/15개	식품>가공식품>라면>컵라면	8200	3000	바름푸드	https://shopping-phinf.pstatic.net/main_8010961/80109619458.jpg
NS80109693798	MALL	바름푸드/오뚜기/진라면/순한맛/작은컵/65g/15개/무료배송	식품>가공식품>라면>컵라면	11200	0	바름푸드	https://shopping-phinf.pstatic.net/main_8010969/80109693798.jpg
NS80125223290	MALL	오뚜기 진라면 순한맛 컵라면 65g x 6개입	식품>가공식품>라면>컵라면	5430	2800	kissnhug	https://shopping-phinf.pstatic.net/main_8012522/80125223290.jpg
NS80219615094	MALL	진라면컵 순한맛 65g	식품>가공식품>라면>컵라면	590	2500	한아름쿡마트	https://shopping-phinf.pstatic.net/main_8021961/80219615094.jpg
NS80220030792	MALL	오뚜기 진라면 순한맛 소컵 6입 컵라면 진라면	식품>가공식품>라면>컵라면	8680	0	온라인포유	https://shopping-phinf.pstatic.net/main_8022003/80220030792.jpg
NS80254094895	MALL	오뚜기 진라면 순한맛 소컵라면 65g x 15개입 1박스	식품>가공식품>라면>컵라면	10000	0	로적	https://shopping-phinf.pstatic.net/main_8025409/80254094895.1.jpg
NS80254115173	MALL	오뚜기 진라면 순한맛 소컵라면 65g	식품>가공식품>라면>컵라면	650	2500	로적	https://shopping-phinf.pstatic.net/main_8025411/80254115173.jpg
NS80266541782	MALL	[오뚜기] 진라면 순한맛 65g x 15개 (컵라면)	식품>가공식품>라면>컵라면	13860	2500	오피스플러스	https://shopping-phinf.pstatic.net/main_8026654/80266541782.jpg
NS80269701854	MALL	[오뚜기] 진라면컵순한맛 65g X 6	식품>가공식품>라면>컵라면	3480	2500	엉클레이마켓	https://shopping-phinf.pstatic.net/main_8026970/80269701854.jpg
NS80351641487	MALL	GT 오뚜기 진라면 순한맛 컵라면 65g x 6개입	식품>가공식품>라면>컵라면	5770	2500	바모스토어	https://shopping-phinf.pstatic.net/main_8035164/80351641487.jpg
NS80359210022	MALL	GT 오뚜기 진라면 순한맛 컵라면 65g x 6개입	식품>가공식품>라면>컵라면	5770	2500	필드넷	https://shopping-phinf.pstatic.net/main_8035921/80359210022.jpg
NS80379827578	MALL	GT 오뚜기 진라면 순한맛 컵라면 65g x 6개입	식품>가공식품>라면>컵라면	5670	2500	스윗걸07	https://shopping-phinf.pstatic.net/main_8037982/80379827578.jpg
NS80383782396	MALL	[오뚜기] 진라면 순한맛 미니컵 6입(65g x 6개)	식품>가공식품>라면>컵라면	5890	0	AK MALL	https://shopping-phinf.pstatic.net/main_8038378/80383782396.jpg
NS80387664966	MALL	오뚜기 진라면 순한맛 컵라면 65g x 6개입	식품>가공식품>라면>컵라면	5520	2500	해피인1	https://shopping-phinf.pstatic.net/main_8038766/80387664966.jpg
NS80537799382	MALL	오뚜기 진라면 컵라면 순한맛 65g	식품>가공식품>라면>컵라면	480	2500	리빙구네	https://shopping-phinf.pstatic.net/main_8053779/80537799382.jpg
NS80603255461	MALL	오뚜기 진라면순한맛 미니컵 6입	식품>가공식품>라면>컵라면	3900	2500	세이브존 광명점	https://shopping-phinf.pstatic.net/main_8060325/80603255461.jpg
NS8069959321	MALL	오뚜기 쪽빛누리 오뚜기 진라면Cup 순한맛(미니컵) 65G	식품>가공식품>라면>컵라면	510	2500	옥션	https://shopping-phinf.pstatic.net/main_8069959/8069959321.jpg
NS8069965897	MALL	진라면 쪽빛누리 오뚜기 진라면Cup 순한맛(미니컵) 65G	식품>가공식품>라면>컵라면	500	2500	G마켓	https://shopping-phinf.pstatic.net/main_8069965/8069965897.jpg
NS8070242683	MALL	오뚜기 진라면 65g 순한맛 15개 컵라면	식품>가공식품>라면>컵라면	7500	2500	커피몰	https://shopping-phinf.pstatic.net/main_8070242/8070242683.1.jpg
NS8078558584	MALL	진라면 쪽빛누리 오뚜기 진라면Cup 순한맛 (65GX15입)	식품>가공식품>라면>컵라면	7320	2500	G마켓	https://shopping-phinf.pstatic.net/main_8078558/8078558584.jpg
NS8078631974	MALL	오뚜기 쪽빛누리 오뚜기 진라면Cup 순한맛 (65GX15입)	식품>가공식품>라면>컵라면	9070	0	옥션	https://shopping-phinf.pstatic.net/main_8078631/8078631974.jpg
NS8084418953	MALL	오뚜기 진라면컵 65g 순한맛 15개 소컵 / 라면 컵라면	식품>가공식품>라면>컵라면	7120	2500	인터파크	https://shopping-phinf.pstatic.net/main_8084418/8084418953.jpg
NS8100562585	MALL	원하프] 진라면순한맛(컵)65g×6ea/오뚜기 [고객만족 총알배송	식품>가공식품>라면>컵라면	4980	3000	원하프	https://shopping-phinf.pstatic.net/main_8100562/8100562585.1.jpg
NS8103708156	MALL	오뚜기 (현대Hmall)[오뚜기] 진라면 순한맛 미니컵 15입(65g x 15개)	식품>가공식품>라면>컵라면	10510	0	G마켓	https://shopping-phinf.pstatic.net/main_8103708/8103708156.1.jpg
NS8106014930	MALL	[메가마트] 오뚜기 진라면 순한맛 소컵 65g*6개	식품>가공식품>라면>컵라면	3900	2500	동원몰	https://shopping-phinf.pstatic.net/main_8106014/8106014930.1.jpg
NS8109088206	MALL	오뚜기 오뚜기 진라면순한맛 소컵15개 컵라면 박스라면 라면	식품>가공식품>라면>컵라면	9470	2500	옥션	https://shopping-phinf.pstatic.net/main_8109088/8109088206.1.jpg
NS8123882069	MALL	오뚜기 진라면 미니컵 순한맛 65g	식품>가공식품>라면>컵라면	690	2500	옥션	https://shopping-phinf.pstatic.net/main_8123882/8123882069.jpg
NS8125220444	MALL	오뚜기 진라면 미니컵 순한맛 65g	식품>가공식품>라면>컵라면	780	2500	G마켓	https://shopping-phinf.pstatic.net/main_8125220/8125220444.jpg
NS8129016636	MALL	오뚜기 진라면 미니컵 순한맛 65g	식품>가공식품>라면>컵라면	990	2500	브런치앤맘	https://shopping-phinf.pstatic.net/main_8129016/8129016636.1.jpg
NS8137134017	MALL	오뚜기 진라면 순한맛 컵 65g X 6개입 1박스	식품>가공식품>라면>컵라면	3700	2500	패스트몰 스토어	https://shopping-phinf.pstatic.net/main_8137134/8137134017.2.jpg
NS8137134025	MALL	오뚜기 진라면 순한맛 컵 65g X 15개입 1박스	식품>가공식품>라면>컵라면	10410	0	패스트몰 스토어	https://shopping-phinf.pstatic.net/main_8137134/8137134025.2.jpg
NS8137208483	MALL	오뚜기 오뚜기 진라면 순한맛 컵 65g X 6개입 1박스	식품>가공식품>라면>컵라면	3980	2500	옥션	https://shopping-phinf.pstatic.net/main_8137208/8137208483.1.jpg
NS8137220039	MALL	오뚜기 진라면 순한맛 컵 65g X 15개입 1박스	식품>가공식품>라면>컵라면	11200	0	11번가	https://shopping-phinf.pstatic.net/main_8137220/8137220039.1.jpg
NS8137221360	MALL	오뚜기 오뚜기 진라면 순한맛 컵 65g X 6개입 1박스	식품>가공식품>라면>컵라면	3980	2500	G마켓	https://shopping-phinf.pstatic.net/main_8137221/8137221360.1.jpg
NS8137224499	MALL	오뚜기 진라면 순한맛 컵 65g X 6개입 1박스	식품>가공식품>라면>컵라면	3980	2500	11번가	https://shopping-phinf.pstatic.net/main_8137224/8137224499.1.jpg
NS8137225291	MALL	오뚜기 오뚜기 진라면 순한맛 컵 65g X 15개입 1박스	식품>가공식품>라면>컵라면	11200	0	G마켓	https://shopping-phinf.pstatic.net/main_8137225/8137225291.1.jpg
NS8144875684	MALL	오뚜기 진라면 순한맛 컵 65g X 6개입 1박스	식품>가공식품>라면>컵라면	3850	2500	인터파크	https://shopping-phinf.pstatic.net/main_8144875/8144875684.1.jpg
NS8144878760	MALL	오뚜기 진라면 순한맛 컵 65g X 15개입 1박스	식품>가공식품>라면>컵라면	10840	0	인터파크	https://shopping-phinf.pstatic.net/main_8144878/8144878760.1.jpg
NS8176803582	MALL	오뚜기 진라면 종이컵 순한맛 15개	식품>가공식품>라면>컵라면	9580	0	11번가	https://shopping-phinf.pstatic.net/main_8176803/8176803582.jpg
NS8207644934	MALL	원하프]진라면순한맛(컵)65g×6ea/오뚜기[고객만족-총알배송	식품>가공식품>라면>컵라면	4890	3000	NH마켓	https://shopping-phinf.pstatic.net/main_8207644/8207644934.jpg
NS8214245242	MALL	[오뚜기] 진라면 순한맛 미니컵 15입(65g x 15개)	식품>가공식품>라면>컵라면	10810	0	11번가	https://shopping-phinf.pstatic.net/main_8214245/8214245242.3.jpg
NS8215794519	MALL	오뚜기 진라면Cup 순한맛(미니컵) 65G 낱개/묶음	식품>가공식품>라면>컵라면	700	2500	11번가	https://shopping-phinf.pstatic.net/main_8215794/8215794519.jpg
NS8222082090	MALL	쪽빛누리 오뚜기 진라면Cup 순한맛 (65GX15입)	식품>가공식품>라면>컵라면	8000	2500	인터파크	https://shopping-phinf.pstatic.net/main_8222082/8222082090.jpg
NS8222093312	MALL	쪽빛누리 오뚜기 진라면Cup 순한맛(미니컵) 65G 낱개	식품>가공식품>라면>컵라면	700	2500	인터파크	https://shopping-phinf.pstatic.net/main_8222093/8222093312.jpg
NS8255257298	MALL	오뚜기 진라면컵 순한맛 65g _ 컵라면/즉석/간편/사발면/용기	식품>가공식품>라면>컵라면	230	2500	위메프	https://shopping-phinf.pstatic.net/main_8255257/8255257298.jpg
NS8295309873	MALL	[메가마트] 오뚜기 진라면 순한맛 소컵 65g*6	식품>가공식품>라면>컵라면	3670	2500	11번가	https://shopping-phinf.pstatic.net/main_8295309/8295309873.1.jpg
NS8334844023	MALL	오뚜기 [오뚜기] 진라면 종이컵 순한맛 15개	식품>가공식품>라면>컵라면	10040	0	롯데아이몰	https://shopping-phinf.pstatic.net/main_8334844/8334844023.1.jpg
NS8409436822	MALL	[오뚜기] 진라면 순한맛 미니컵 (15입)	식품>가공식품>라면>컵라면	10750	0	현대Hmall	https://shopping-phinf.pstatic.net/main_8409436/8409436822.jpg
NS8480199355	MALL	제3도매/오뚜기 진라면 순한맛 소컵 6입/라면.간식.컵라면.팔도비빔면.짜파게티.튀김우동.육개장.새우탕	식품>가공식품>라면>컵라면	3300	2500	인터파크	https://shopping-phinf.pstatic.net/main_8480199/8480199355.jpg
NS8528976369	MALL	[오뚜기] 진라면종이컵(순) 6입X2개 총12개입	식품>가공식품>라면>컵라면	7910	0	11번가	https://shopping-phinf.pstatic.net/main_8528976/8528976369.jpg
NS8528976915	MALL	[오뚜기] 진라면종이컵(순) 6입X3개 총18개입	식품>가공식품>라면>컵라면	11590	0	11번가	https://shopping-phinf.pstatic.net/main_8528976/8528976915.jpg
NS8532183044	MALL	오뚜기 오뚜기  진라면종이컵(순) 6입X2개 총12개입	식품>가공식품>라면>컵라면	9400	0	옥션	https://shopping-phinf.pstatic.net/main_8532183/8532183044.jpg
NS8532184164	MALL	오뚜기 오뚜기  진라면종이컵(순) 6입X3개 총18개입	식품>가공식품>라면>컵라면	13200	0	옥션	https://shopping-phinf.pstatic.net/main_8532184/8532184164.jpg
NS8541769195	MALL	[오뚜기] 진라면종이컵(순) 6입X2개 총12개입	식품>가공식품>라면>컵라면	8750	0	GSSHOP	https://shopping-phinf.pstatic.net/main_8541769/8541769195.jpg
NS8541769536	MALL	[오뚜기] 진라면종이컵(순) 6입X3개 총18개입	식품>가공식품>라면>컵라면	12470	0	GSSHOP	https://shopping-phinf.pstatic.net/main_8541769/8541769536.jpg
NS8546572647	MALL	오뚜기 오뚜기 진라면 미니컵 순한맛 65g	식품>가공식품>라면>컵라면	1030	2500	옥션	https://shopping-phinf.pstatic.net/main_8546572/8546572647.jpg
NS8549204292	MALL	[오뚜기] 진라면종이컵(순) 6입X2개 총12개입	식품>가공식품>라면>컵라면	8160	0	인터파크	https://shopping-phinf.pstatic.net/main_8549204/8549204292.jpg
NS8549206785	MALL	[오뚜기] 진라면종이컵(순) 6입X3개 총18개입	식품>가공식품>라면>컵라면	11450	0	인터파크	https://shopping-phinf.pstatic.net/main_8549206/8549206785.jpg
NS8549209465	MALL	[오뚜기] 진라면 종이컵 순한맛 15개	식품>가공식품>라면>컵라면	9460	0	인터파크	https://shopping-phinf.pstatic.net/main_8549209/8549209465.jpg
NS8549352835	MALL	[오뚜기] 진라면 종이컵 순한맛 15개	식품>가공식품>라면>컵라면	11400	0	NS홈쇼핑	https://shopping-phinf.pstatic.net/main_8549352/8549352835.1.jpg
NS8569910903	MALL	진라면컵라면(순한맛) 65g	식품>가공식품>라면>컵라면	640	2500	NH마켓	https://shopping-phinf.pstatic.net/main_8569910/8569910903.jpg
NS8573768696	MALL	진라면 오뚜기 진라면순한맛작은컵 65g 30개/진라면순한소컵	식품>가공식품>라면>컵라면	15290	2500	G마켓	https://shopping-phinf.pstatic.net/main_8573768/8573768696.jpg
NS8600609723	MALL	오뚜기 진라컵 순한맛 65g 6입	식품>가공식품>라면>컵라면	3300	2500	오뚜기몰	https://shopping-phinf.pstatic.net/main_8600609/8600609723.1.jpg
NS8638527404	MALL	진라면 오뚜기 진라면순한맛 소컵 15개 오뚜기라면 컵라면	식품>가공식품>라면>컵라면	8970	2500	G마켓	https://shopping-phinf.pstatic.net/main_8638527/8638527404.1.jpg
NS8649319311	MALL	진라면 오뚜기 진라면 미니컵 순한맛 65g	식품>가공식품>라면>컵라면	830	2500	G마켓	https://shopping-phinf.pstatic.net/main_8649319/8649319311.jpg
NS8651697681	MALL	오뚜기 진라면 미니컵 순한맛 65g	식품>가공식품>라면>컵라면	750	2500	11번가	https://shopping-phinf.pstatic.net/main_8651697/8651697681.jpg
NS8654886908	MALL	오뚜기 진라면 미니컵 순한맛 65g	식품>가공식품>라면>컵라면	830	2500	옥션	https://shopping-phinf.pstatic.net/main_8654886/8654886908.jpg
NS8666602426	MALL	오뚜기 진라면 미니컵 순한맛 65g/푸드 간식 야식 분식 간편식 간편요리	식품>가공식품>라면>컵라면	670	2500	오박사닷컴	https://shopping-phinf.pstatic.net/main_8666602/8666602426.1.jpg
NS8709766315	MALL	진라면 진라면 cup 매운맛.순한맛 65gx15개입	식품>가공식품>라면>컵라면	9870	0	G마켓	https://shopping-phinf.pstatic.net/main_8709766/8709766315.jpg
NS8715703161	MALL	오뚜기 진라면 순한맛 미니컵 15입65g x 15개	식품>가공식품>라면>컵라면	11630	0	CJmall	https://shopping-phinf.pstatic.net/main_8715703/8715703161.jpg
NS8718654639	MALL	진라면 오뚜기 진라면 순한맛 미니컵 15입65g x 15개	식품>가공식품>라면>컵라면	11470	0	G마켓	https://shopping-phinf.pstatic.net/main_8718654/8718654639.jpg
NS8746877022	MALL	[오뚜기] 진라면종이컵(순) 6입X2개 총12개입	식품>가공식품>라면>컵라면	9400	0	에코그린	https://shopping-phinf.pstatic.net/main_8746877/8746877022.1.jpg
NS8746877037	MALL	[오뚜기] 진라면종이컵(순) 6입X3개 총18개입	식품>가공식품>라면>컵라면	13200	0	에코그린	https://shopping-phinf.pstatic.net/main_8746877/8746877037.1.jpg
NS8783520637	MALL	오뚜기 진라면 cup 매운맛.순한맛 65gx15개입	식품>가공식품>라면>컵라면	9870	0	옥션	https://shopping-phinf.pstatic.net/main_8783520/8783520637.jpg
NS8800683556	MALL	진라면순한맛_컵 65g x 6ea 오뚜기 4ea	식품>가공식품>라면>컵라면	24800	0	방방몰	https://shopping-phinf.pstatic.net/main_8800683/8800683556.1.jpg
NS8921715312	MALL	오뚜기진라면순한맛소컵65gX15개입	식품>가공식품>라면>컵라면	8400	2500	11번가	https://shopping-phinf.pstatic.net/main_8921715/8921715312.1.jpg
NS8976056882	MALL	[원하프]진라면순한맛(컵)65g×6ea/오뚜기	식품>가공식품>라면>컵라면	4980	-1	바이폴	https://shopping-phinf.pstatic.net/main_8976056/8976056882.jpg
NS9004476284	MALL	[오뚜기] 진라면 순한맛 미니컵 15입(65g x 15개)	식품>가공식품>라면>컵라면	11500	0	현대Hmall	https://shopping-phinf.pstatic.net/main_9004476/9004476284.1.jpg
NS9020791220	MALL	[오뚜기] 진라면 순한맛 미니컵 15입(65g x 15개)	식품>가공식품>라면>컵라면	11900	0	NS홈쇼핑	https://shopping-phinf.pstatic.net/main_9020791/9020791220.jpg
NS9057949340	MALL	[롯데식품관][오뚜기] 진라면 순한맛 미니컵 15입(65g x 15개)	식품>가공식품>라면>컵라면	10250	0	롯데닷컴	https://shopping-phinf.pstatic.net/main_9057949/9057949340.4.jpg
NS9057953687	MALL	오뚜기 오뚜기 진라면 순한맛 미니컵 15입(65g x 15개)	식품>가공식품>라면>컵라면	9870	0	옥션	https://shopping-phinf.pstatic.net/main_9057953/9057953687.1.jpg
NS9060081784	MALL	[오뚜기] 진라면 순한맛 미니컵 15입(65g x 15개)/ 롯데식품관	식품>가공식품>라면>컵라면	10030	0	11번가	https://shopping-phinf.pstatic.net/main_9060081/9060081784.21.jpg
NS9078450986	MALL	진라면 cup 매운맛.순한맛 65gx15개입	식품>가공식품>라면>컵라면	8190	2500	인터파크	https://shopping-phinf.pstatic.net/main_9078450/9078450986.jpg
NS9104520034	MALL	[오뚜기] 진라면 순한맛 미니컵 15입(65g x 15개)	식품>가공식품>라면>컵라면	12126	0	SSG닷컴	https://shopping-phinf.pstatic.net/main_9104520/9104520034.jpg
NS9104533339	MALL	[오뚜기] 진라면 순한맛 미니컵 15입(65g x 15개)	식품>가공식품>라면>컵라면	11997	0	신세계몰	https://shopping-phinf.pstatic.net/main_9104533/9104533339.jpg
NS9106452449	MALL	진라면 [오뚜기] 진라면 순한맛 미니컵 15입(65g x 15개)	식품>가공식품>라면>컵라면	11870	0	G마켓	https://shopping-phinf.pstatic.net/main_9106452/9106452449.1.jpg
NS9114657231	MALL	진라면 [오뚜기] 진라면 순한맛 미니컵 15입(65g x 15개)/ 롯데식품관	식품>가공식품>라면>컵라면	9870	0	G마켓	https://shopping-phinf.pstatic.net/main_9114657/9114657231.1.jpg
NS9298458766	MALL	오뚜기 진라면 미니컵 순한맛 65g	식품>가공식품>라면>컵라면	750	2500	예담맘브런치	https://shopping-phinf.pstatic.net/main_9298458/9298458766.1.jpg
NS9345975839	MALL	오뚜기 진라면 컵 62g (순한맛)[컵라면]	식품>가공식품>라면>컵라면	660	2500	더싼닷컴	https://shopping-phinf.pstatic.net/main_9345975/9345975839.3.jpg
NS9459054981	MALL	(추천)진라면 순한 소컵 65g 6개입 1팩컵라면,도시락,용기라면,큰컵라면,육개장면	식품>가공식품>라면>컵라면	5090	2500	11번가	https://shopping-phinf.pstatic.net/main_9459054/9459054981.jpg
NS9564236787	MALL	진라면 오뚜기 진라면 미니컵 순한맛 65g	식품>가공식품>라면>컵라면	1030	2500	G마켓	https://shopping-phinf.pstatic.net/main_9564236/9564236787.jpg
NS9570951744	MALL	오뚜기 진라면 순한맛 미니 컵라면 65g	식품>가공식품>라면>컵라면	540	2500	해피U통	https://shopping-phinf.pstatic.net/main_9570951/9570951744.1.jpg
NS9673593630	MALL	[오뚜기] 진라면 순한맛 미니컵 15입(65g x 15개)	식품>가공식품>라면>컵라면	11870	0	11번가	https://shopping-phinf.pstatic.net/main_9673593/9673593630.1.jpg
NS9678855758	MALL	0 오뚜기 진라면 순한맛 소컵 6개입 가공식품 라면	식품>가공식품>라면>컵라면	4140	2500	준건	https://shopping-phinf.pstatic.net/main_9678855/9678855758.1.jpg
NS9680242376	MALL	0 오뚜기 진라면 순한맛 소컵 6개입 가공식품 라면	식품>가공식품>라면>컵라면	3600	2500	옥션	https://shopping-phinf.pstatic.net/main_9680242/9680242376.1.jpg
NS9680289686	MALL	0 오뚜기 진라면 순한맛 소컵 6개입 가공식품 라면	식품>가공식품>라면>컵라면	3500	2500	G마켓	https://shopping-phinf.pstatic.net/main_9680289/9680289686.1.jpg
NS9684582998	MALL	0 오뚜기 진라면 순한맛 소컵 6개입 가공식품 라면	식품>가공식품>라면>컵라면	3830	2500	11번가	https://shopping-phinf.pstatic.net/main_9684582/9684582998.1.jpg
NS9704627895	MALL	오뚜기 진라면 순한맛 종이컵 65gX15개입 내벗	식품>가공식품>라면>컵라면	8780	2500	11번가	https://shopping-phinf.pstatic.net/main_9704627/9704627895.jpg
NS9716089031	MALL	오뚜기 진라면(컵) 순한맛 65G*6입	식품>가공식품>라면>컵라면	3480	2000	GSfresh	https://shopping-phinf.pstatic.net/main_9716089/9716089031.jpg
NS9765945587	MALL	[오뚜기] 진라면 순한맛 미니컵 15입(65g x 15개)	식품>가공식품>라면>컵라면	12220	0	11번가	https://shopping-phinf.pstatic.net/main_9765945/9765945587.2.jpg
NS9765978698	MALL	[오뚜기] 진라면 순한맛 미니컵 15입(65g x 15개)	식품>가공식품>라면>컵라면	12600	0	AK MALL	https://shopping-phinf.pstatic.net/main_9765978/9765978698.1.jpg
NS9767922953	MALL	[오뚜기] 진라면 순한맛 미니컵 15입(65g x 15개)	식품>가공식품>라면>컵라면	12610	0	AK몰	https://shopping-phinf.pstatic.net/main_9767922/9767922953.jpg
NS9834951540	MALL	진라면 순한 소컵 65g 6개입 1팩 /컵라면도시락용기라면큰컵라면육개장면	식품>가공식품>라면>컵라면	7440	2500	11번가	https://shopping-phinf.pstatic.net/main_9834951/9834951540.jpg
NS9835830732	MALL	오뚜기 오뚜기 진라면 순한맛 미니컵 (65gx15개입) 컵라면	식품>가공식품>라면>컵라면	6970	3000	G마켓	https://shopping-phinf.pstatic.net/main_9835830/9835830732.jpg
NS9835850176	MALL	오뚜기 오뚜기 진라면 순한맛 미니컵 (65gx15개입) 컵라면	식품>가공식품>라면>컵라면	6970	3000	옥션	https://shopping-phinf.pstatic.net/main_9835850/9835850176.jpg
NS9838901712	MALL	[오뚜기] 오뚜기 진라면 순한맛 미니컵 (65Gx15개입) 컵라면	식품>가공식품>라면>컵라면	8400	3000	11번가	https://shopping-phinf.pstatic.net/main_9838901/9838901712.jpg
NS9853185311	MALL	오뚜기 진라면 순한맛 미니컵 컵라면 65g x 15개입 한박스	식품>가공식품>라면>컵라면	7800	2500	모핏코리아	https://shopping-phinf.pstatic.net/main_9853185/9853185311.2.jpg
NS9853320577	MALL	오뚜기 오뚜기 진라면 순한맛 미니컵 컵라면 65g x 15개입	식품>가공식품>라면>컵라면	7270	2500	옥션	https://shopping-phinf.pstatic.net/main_9853320/9853320577.1.jpg
NS9853340222	MALL	오뚜기 오뚜기 진라면 순한맛 미니컵 컵라면 65g x 15개입	식품>가공식품>라면>컵라면	7270	2500	G마켓	https://shopping-phinf.pstatic.net/main_9853340/9853340222.1.jpg
NS9853341269	MALL	오뚜기 진라면 순한맛 미니컵 컵라면 65g x 15개	식품>가공식품>라면>컵라면	7640	2500	11번가	https://shopping-phinf.pstatic.net/main_9853341/9853341269.2.jpg
NS9864350016	MALL	[카드 5% 할인][Hmall]오뚜기 (현대Hmall)[오뚜기] 진라면 순한맛 미니컵 15입(65g x 15개)	식품>가공식품>라면>컵라면	10930	0	G9	https://shopping-phinf.pstatic.net/main_9864350/9864350016.1.jpg
NS9970451571	MALL	B/오뚜기 진라면컵 순한맛 65g -15개/미니컵라면	식품>가공식품>라면>컵라면	11970	2500	할인닷컴	https://shopping-phinf.pstatic.net/main_9970451/9970451571.1.jpg
NS9970511603	MALL	오뚜기 B/오뚜기 진라면컵 순한맛 65g -15개/미니컵라면	식품>가공식품>라면>컵라면	11970	2500	옥션	https://shopping-phinf.pstatic.net/main_9970511/9970511603.jpg
NS9970521134	MALL	오뚜기 B/오뚜기 진라면컵 순한맛 65g -15개/미니컵라면	식품>가공식품>라면>컵라면	11970	2500	G마켓	https://shopping-phinf.pstatic.net/main_9970521/9970521134.jpg
NS9970529075	MALL	오뚜기 B/오뚜기 진라면컵 순한맛 65g -15개/미니컵라면	식품>가공식품>라면>컵라면	10540	2500	G마켓	https://shopping-phinf.pstatic.net/main_9970529/9970529075.jpg
NS9973908507	MALL	B/오뚜기 진라면컵 순한맛 65g -15개/미니컵라면	식품>가공식품>라면>컵라면	12040	2500	NH마켓	https://shopping-phinf.pstatic.net/main_9973908/9973908507.jpg
NS9973908511	MALL	B/오뚜기 진라면컵 순한맛 65g -15개/미니컵라면	식품>가공식품>라면>컵라면	12040	2500	NH마켓	https://shopping-phinf.pstatic.net/main_9973908/9973908511.jpg
NS9985580162	MALL	B/오뚜기 진라면 순한맛 65g -6개/미니컵라면	식품>가공식품>라면>컵라면	4790	2500	할인닷컴	https://shopping-phinf.pstatic.net/main_9985580/9985580162.1.jpg
NS9985824250	MALL	오뚜기 B/오뚜기 진라면 순한맛 65g -6개/미니컵라면	식품>가공식품>라면>컵라면	4790	2500	옥션	https://shopping-phinf.pstatic.net/main_9985824/9985824250.jpg
NS9985853649	MALL	오뚜기 B/오뚜기 진라면 순한맛 65g -6개/미니컵라면	식품>가공식품>라면>컵라면	4790	2500	G마켓	https://shopping-phinf.pstatic.net/main_9985853/9985853649.jpg
NS9985879750	MALL	오뚜기 B/오뚜기 진라면 순한맛 65g -6개/미니컵라면	식품>가공식품>라면>컵라면	4790	2500	G마켓	https://shopping-phinf.pstatic.net/main_9985879/9985879750.jpg
NS9985882777	MALL	오뚜기 B/오뚜기 진라면 순한맛 65g -6개/미니컵라면	식품>가공식품>라면>컵라면	4020	2500	G마켓	https://shopping-phinf.pstatic.net/main_9985882/9985882777.jpg
NS9991101308	MALL	B/오뚜기 진라면 순한맛 65g -6개/미니컵라면	식품>가공식품>라면>컵라면	4830	2500	NH마켓	https://shopping-phinf.pstatic.net/main_9991101/9991101308.jpg
NS9991101309	MALL	B/오뚜기 진라면 순한맛 65g -6개/미니컵라면	식품>가공식품>라면>컵라면	4830	2500	NH마켓	https://shopping-phinf.pstatic.net/main_9991101/9991101309.jpg
